sample_id,region,date_start,date_end,flood_label,severity,longitude,latitude,VV_mean,VV_std,VV_min,VV_max,VH_mean,VH_std,VH_min,VH_max,VV_stdDev_mean,VH_stdDev_mean,precipitation_sum,precipitation_mean,precipitation_max,water_occurrence_mean,elevation_mean,slope_mean,region_Jonglei_Flood_Prone,region_Unity_Flood_Prone,region_Upper_Nile_Flood_Prone
0,Jonglei,2024-07-01,2024-09-30,1,high,33.4170433322764,7.309598692169794,-10.864876446176222,0.97768666050989,-12.264434462584527,-9.346297728086693,-15.533008018230793,0.6641813883427133,-16.507360678010492,-14.455874588131442,0.97768666050989,0.6641813883427133,467.9722786943118,5.142552587721083,55.87568664550781,0.0,417.3296506890329,2.283019222668808,1,0,0
1,Jonglei,2024-07-01,2024-09-30,1,high,32.89238587216805,7.793673359504521,-7.790114850376633,1.0036496066766014,-9.452388692057804,-6.384982670392048,-12.650758163837441,1.016128809221232,-14.418410736990232,-11.318542287173685,1.0036496066766014,1.016128809221232,605.3042143508792,6.6516947746276855,55.24870681762695,0.0,409.80318993466375,1.7099997890101875,1,0,0
2,Jonglei,2024-07-01,2024-09-30,1,high,32.05246559009886,6.728227079995101,-9.39172894434224,1.8521706281941668,-13.539869554621797,-7.003622043141538,-16.3862228954742,1.9564270572608418,-21.2364775111236,-14.073622336272313,1.8521706281941668,1.9564270572608418,466.83721830602735,5.13007926940918,38.94758605957031,0.0,424.6416240726217,1.6184255120140754,1,0,0
3,Jonglei,2024-07-01,2024-09-30,1,high,32.18597775164848,8.145844835475422,-9.432100304906992,1.9398611561873829,-14.137391892163219,-6.790619922297223,-15.393473231696792,2.1518500983784206,-21.29458335214217,-13.001900778459264,1.9398611561873829,2.1518500983784206,533.3419722020626,5.86090087890625,34.31253433227539,0.0,407.6497443454978,2.395296486040715,1,0,0
4,Jonglei,2024-07-01,2024-09-30,1,high,33.02429909889348,8.488104327068847,-7.786088304842868,5.062308546371372,-14.627979993303239,-2.050766737502936,-16.728358933034205,2.0796447464734644,-20.27228082342034,-14.38330755678059,5.062308546371372,2.0796447464734644,436.2253166983525,4.793684959411621,34.652563730875656,0.0,404.35918211608384,1.4106633235389672,1,0,0
5,Jonglei,2024-07-01,2024-09-30,1,high,33.375549123221056,6.333794923074612,-11.838373233839127,0.6813518713082355,-12.886611571754834,-10.83006361208177,-16.9376875576991,1.014312983053828,-18.780366714476518,-15.594538523988781,0.6813518713082355,1.014312983053828,503.61669063236985,5.5342493587070045,49.82195493910048,0.0,422.3443223443223,2.0835947419801872,1,0,0
6,Jonglei,2024-07-01,2024-09-30,1,high,32.937005587976934,8.436380270214105,-12.283339522258766,2.48137449590475,-16.85857765392814,-9.073607815136702,-16.841493743041433,2.496104094402243,-22.382026739333714,-14.40958400789287,2.48137449590475,2.496104094402243,477.6761190574616,5.24918794631958,41.118473052978516,0.0,406.3993131158949,1.6010617303988486,1,0,0
7,Jonglei,2024-07-01,2024-09-30,1,high,32.50775821273416,6.237386521126108,-11.584109942009169,1.221428322089621,-13.786221252751861,-10.044701301681071,-16.518165126804725,1.2178358974933199,-19.071786217238607,-15.16409793635012,1.221428322089621,1.2178358974933199,391.77242962270975,4.305191516876221,35.36531448364258,0.0,431.5160029957682,2.233416312283154,1,0,0
8,Jonglei,2024-07-01,2024-09-30,1,high,32.2882692269389,7.679609871341027,-9.54081973331759,2.276067720851033,-13.560287434716045,-5.64546835872566,-15.948680668690217,1.4661545111999508,-19.711326222284267,-14.015923049968839,2.276067720851033,1.4661545111999508,509.56214816619945,5.5995839436848955,41.93039321899414,0.0,413.7073896987713,1.9143766887007045,1,0,0
9,Jonglei,2024-07-01,2024-09-30,1,high,32.89309351410353,8.48521689855088,-11.896857947765064,2.4788884888148184,-16.124722034198108,-8.858463406509795,-17.280097761042057,2.5094816799819335,-22.602997355574676,-15.021245495922704,2.4788884888148184,2.5094816799819335,451.0637833708897,4.95674467086792,37.62838363647461,0.0,404.9419245081451,1.5792192714069828,1,0,0
10,Unity,2024-07-01,2024-09-30,1,high,30.65343211440704,8.079346892610108,-6.330389709447937,1.0483445950894141,-8.128297572544957,-4.9082366653740515,-14.509129606769605,0.8259380388645814,-15.84829092027408,-13.363352250549722,1.0483445950894141,0.8259380388645814,473.86761698126793,5.20733642578125,27.535057067871094,0.0,402.4281490136164,1.3128865224393262,0,1,0
11,Unity,2024-07-01,2024-09-30,1,high,31.0691582708933,8.221070850655916,-8.789144150065564,0.8836170685659168,-10.138751981057629,-7.446775034864792,-18.679661277585012,0.8659844216020122,-20.098570880366555,-17.4111938224639,0.8836170685659168,0.8659844216020153,473.7428919635713,5.205965876579285,23.354419708251957,0.0,408.0822122705281,1.6375297992734426,0,1,0
12,Unity,2024-07-01,2024-09-30,1,high,29.79937104456719,7.7614643739918066,-8.601739262226761,0.9067708757854995,-10.122675889858238,-7.201055734240267,-14.171854310199095,0.7966988500809118,-15.43202119744597,-12.800258845049946,0.9067708757854995,0.7966988500809118,495.72110156714916,5.447484493255615,24.937192916870117,0.0,401.34683479410535,2.0788875419192463,0,1,0
13,Unity,2024-07-01,2024-09-30,1,high,30.025853633100695,9.349009803162097,-8.089043921188875,0.7773504993600143,-9.235765017941288,-6.750395742737119,-13.502271986297506,0.7662243133009936,-14.665924710353169,-12.283309195264373,0.7773504993600143,0.7662243133009936,513.2804449051619,5.640444278717041,29.23472785949707,0.0,397.0782596234798,1.5848159228278071,0,1,0
14,Unity,2024-07-01,2024-09-30,1,high,30.314103070880453,8.492554622855993,-10.880058945957789,1.0659965594983212,-12.846715697882289,-9.109624970069465,-15.94525874391744,1.1113790986853775,-17.895295692428004,-14.06282488861898,1.0659965594983212,1.1113790986853775,470.67537356354296,5.172256946563721,24.010929107666016,16.146122448979593,398.6872469544763,1.4187348506246522,0,1,0
15,Unity,2024-07-01,2024-09-30,1,high,29.738419885273203,7.933195185447779,-8.652265707053175,1.4270806372579625,-10.905423385170284,-6.545010753849833,-15.135976916760153,1.006042513311912,-16.988206708923325,-13.741307500501842,1.4270806372579625,1.006042513311912,522.1676674559712,5.7381062507629395,21.96498680114746,0.0,397.28196218748053,2.022026326505757,0,1,0
16,Unity,2024-07-01,2024-09-30,1,high,30.35952410833982,9.43752116506364,-8.787606793087612,0.6529859686615229,-9.878799614528779,-7.799926240267499,-15.30914178996593,1.1013383253142328,-17.052475229204052,-13.73164828783394,0.6529859686615229,1.1013383253142328,530.1050771772861,5.82533073425293,30.739572525024414,0.0,400.0048802109687,1.9231503648960036,0,1,0
17,Unity,2024-07-01,2024-09-30,1,high,31.140999817260578,7.960821816217663,-11.557384175702387,0.7900015259603097,-12.897005286125191,-10.431994272590915,-15.197546952075081,0.8154649340572794,-16.61329802717064,-14.083324443414893,0.7900015259603097,0.8154649340572794,506.27757672965527,5.56348991394043,25.34783363342285,0.0,407.6864855875331,2.086428194127229,0,1,0
18,Upper_Nile,2024-07-01,2024-09-30,1,high,33.794519762116366,8.5529280782659,-11.03842539895368,2.52402311523612,-14.856244240886188,-8.105867669229598,-15.966122677374534,2.2333841411969653,-19.59940024962729,-13.538754635897766,2.52402311523612,2.2333841411969653,414.9656538963318,4.560061931610107,27.69744110107422,0.0,414.42222820599096,2.7938467463504892,0,0,1
19,Upper_Nile,2024-07-01,2024-09-30,1,high,33.88477609283386,9.58369610242451,-8.092987337672403,0.7162658798233691,-9.18264293674189,-7.003470379276079,-14.781150279074337,0.820862931195487,-16.123257778698022,-13.568892304789083,0.7162658798233691,0.820862931195487,378.12387904524803,4.155207633972168,23.967918395996094,0.0,598.6923772355394,4.518930442457983,0,0,1
20,Upper_Nile,2024-07-01,2024-09-30,1,high,33.105299768256835,9.507886143430476,-9.617339797031455,1.2492937682835572,-11.6734162110447,-7.842393563418238,-15.565009050956107,1.6451069693664897,-18.46756679271137,-13.39364563836114,1.2492937682835572,1.6451069693664897,340.1890692226589,3.738341410954793,28.921124776204422,0.0,399.64654142103245,1.8229181262250047,0,0,1
21,Upper_Nile,2024-07-01,2024-09-30,1,high,33.11310568741617,10.085121437714857,-8.037812918380084,1.1195466646180798,-9.717127640008496,-6.419757994365738,-14.028791041163231,1.0891238153049123,-15.572667949559287,-12.207409354828423,1.1195466646180798,1.0891238153049123,444.78046451695263,4.887697219848633,19.621164321899414,0.0,405.73603210281476,1.6200316414425413,0,0,1
22,Upper_Nile,2024-07-01,2024-09-30,1,high,33.71765650986025,9.902195543425188,-9.34292664851413,0.9782158319200672,-11.100243944865014,-8.006998165517485,-15.576129210343117,1.7680698672922768,-19.279647311188498,-13.625056947754436,0.9782158319200672,1.7680698672922768,361.1453528627753,3.968630313873291,21.67162322998047,0.0,455.4933516940441,2.1334174335702167,0,0,1
23,Upper_Nile,2024-07-01,2024-09-30,1,high,31.310705965380446,8.576951590314154,-8.864722887780689,2.004378924633367,-12.212160210989389,-6.182582813917002,-14.825194514864501,1.672029221207183,-17.96358906560288,-12.969030237812731,2.004378924633367,1.672029221207183,493.05162742733955,5.418149948120117,27.551313400268555,0.0,402.59890768257276,1.7075087094978987,0,0,1
24,Upper_Nile,2024-07-01,2024-09-30,1,high,32.942557096938394,8.985923554422921,-10.633882647029486,0.9345583431978244,-12.128158285183327,-9.259687454371333,-15.7597126627925,1.4120167250460178,-18.6443431381813,-14.08494223321752,0.9345583431978244,1.4120167250460178,421.2084424169734,4.628664016723633,29.42218589782715,0.0,400.21591377795323,1.5821540638334928,0,0,1
25,Jonglei,2024-05-15,2024-07-31,1,moderate,32.727028294030305,7.684360516661921,-10.920902784988208,1.5287003206365861,-13.36381631837684,-8.742750255820091,-16.175872882453252,1.580556550009789,-18.46309074850509,-13.742669896633535,1.5287003206365861,1.580556550009789,382.7005569972098,4.970137119293213,47.10057067871094,0.0,411.53156415157997,1.4810466701775555,1,0,0
26,Jonglei,2024-05-15,2024-07-31,1,moderate,32.923036378250174,6.617924830618545,-11.284576386089045,0.9894480160034803,-12.529560781339166,-9.428970284075723,-16.972812716083762,1.280167247387037,-18.88727559189281,-14.920863024655919,0.9894480160034803,1.280167247387037,377.64719249494374,4.9045090675354,34.74967575073242,0.0,424.6445264951712,2.5325242689427663,1,0,0
27,Jonglei,2024-05-15,2024-07-31,1,moderate,32.050193349650755,7.492472834543904,-10.973074191893566,1.541717876905572,-13.55646438464428,-8.001552209072395,-16.72080495408794,1.4463725722844323,-19.284411235995808,-14.069574678804049,1.541717876905572,1.4463725722844323,345.45872101699933,4.486476898193359,40.134605407714844,0.0,414.0066732664356,2.512822857420132,1,0,0
28,Jonglei,2024-05-15,2024-07-31,1,moderate,33.260717295724746,6.311957464566127,-10.491079874982129,0.8455520630172961,-11.750328961611487,-9.192125695311315,-16.258961235828025,1.1249918549606932,-18.070145068983297,-14.687671548066103,0.8455520630172961,1.1249918549606932,395.93583039194345,5.14202356338501,49.28923797607422,0.0,420.91605691240306,1.5678119404768949,1,0,0
29,Jonglei,2024-05-15,2024-07-31,1,moderate,33.3696985833434,7.62951840614866,-9.428118913827662,1.313276180134554,-11.233791579383205,-7.131439031362632,-14.526253177412274,1.1003822635147233,-16.273334339129836,-12.700338088437407,1.313276180134554,1.1003822635147233,424.2632696562343,5.509912755754259,53.22805531819662,0.0,414.77167483141903,1.9357536096397774,1,0,0
30,Jonglei,2024-05-15,2024-07-31,1,moderate,33.433231989151764,6.008894969434056,-10.333392890727275,1.7706202728348057,-13.166500137283519,-8.041513789979767,-17.317954062120187,2.606183962364209,-21.934762944838432,-14.402254078642203,1.7706202728348057,2.606183962364209,356.05202934052795,4.62405252456665,43.0206413269043,0.0,427.71091602536615,2.1898535595761595,1,0,0
31,Jonglei,2024-05-15,2024-07-31,1,moderate,32.23301159028355,8.490213686626328,-10.462844867022952,1.9405872729523572,-13.99630305849108,-7.556380876283584,-18.911299774946347,3.7080103241802025,-25.45093340430242,-13.930743968288835,1.9405872729523572,3.7080103241802025,391.91260462896514,5.089774290720622,27.87835693359375,0.0,402.5304397399986,2.109083975894506,1,0,0
32,Jonglei,2024-05-15,2024-07-31,1,moderate,33.07618238307007,8.238996987856876,-12.182835639806356,1.3361049412054402,-14.650876110874458,-10.480327889100682,-18.14645823453288,2.0280660562370563,-22.274517613863924,-15.763102723482344,1.3361049412054402,2.0280660562370563,362.02711771801114,4.701651096343994,46.17856216430664,0.0,408.30816115702464,1.4732937909593113,1,0,0
33,Jonglei,2024-05-15,2024-07-31,1,moderate,32.06988505901313,8.323359479482953,-9.80390258840509,1.090291310155274,-11.174389341077008,-8.246696850301996,-15.284697155521748,1.52535632465905,-17.306440756821306,-13.20790340863611,1.090291310155274,1.52535632465905,376.4026900526369,4.888346433639526,20.47318458557129,0.0,404.7022018043746,3.3276027867246407,1,0,0
34,Jonglei,2024-05-15,2024-07-31,1,moderate,33.403427952935665,8.250158800799932,-11.158101742501005,1.6583533749724009,-14.026862140157082,-9.027600774411841,-16.910333235360575,2.3695829760667966,-20.94414384344013,-13.829254007492105,1.6583533749724009,2.3695829760667966,380.52984066307545,4.941946029663086,37.51588439941406,0.0,406.8950035034763,1.2851242831181606,1,0,0
35,Unity,2024-05-15,2024-07-31,1,moderate,29.864601111735293,8.305193568611598,-8.67741485612404,0.7221315898338603,-9.818904995450708,-7.607212428512566,-14.208566437559217,0.9450091072357576,-15.768568359521616,-12.86158137477913,0.7221315898338603,0.9450091072357576,397.50002542184666,5.162337779998779,27.55030059814453,0.0,394.0271878494474,1.9468947170626827,0,1,0
36,Unity,2024-05-15,2024-07-31,1,moderate,29.697742169364506,8.741947896430295,-9.169347704958506,1.1671832166223761,-10.95689934465989,-7.329123865082197,-15.25703560871661,1.721648053256356,-18.116706161673363,-12.999037236007792,1.1671832166223761,1.7216480532563576,366.8548424075125,4.76434850692749,23.48483657836914,0.0,391.5591207805316,1.9785244065049221,0,1,0
37,Unity,2024-05-15,2024-07-31,1,moderate,29.702586391478064,8.314813456791434,-7.818541718034405,0.6979980365298013,-8.921744888577658,-6.805310069302857,-13.737332013109656,1.2801258881830275,-16.12796964192807,-11.90651818310472,0.6979980365298013,1.2801258881830275,367.6700324679259,4.774935722351074,26.626813888549805,0.0,393.44745458220143,2.018291086285208,0,1,0
38,Unity,2024-05-15,2024-07-31,1,moderate,30.369566791418645,9.40493392410677,-9.759387070993506,0.9476241112178834,-11.270771994523841,-8.313662633035795,-15.209207634383253,1.0031020049678887,-16.79883848394313,-13.739002762558364,0.9476241112178834,1.0031020049678887,374.56540621579836,4.864485740661621,28.48227310180664,0.0,401.44856611968004,2.1140032530097805,0,1,0
39,Unity,2024-05-15,2024-07-31,1,moderate,29.681976194648676,8.22628175522646,-9.430918090642246,1.1783652807036484,-11.41122911886944,-7.8475874344850345,-17.027434029820796,1.9101175438446203,-20.15220738021753,-14.432305809417231,1.1783652807036484,1.9101175438446203,377.1615815171972,4.898202419281006,26.87107276916504,0.0,393.83713889125977,2.042306811487234,0,1,0
40,Unity,2024-05-15,2024-07-31,1,moderate,29.964038034992907,8.169254042177663,-9.52925973098368,0.649210005427904,-10.547064964604337,-8.525318680363137,-14.400062990296691,1.0868118105470181,-16.063816849869298,-12.781842595370204,0.649210005427904,1.0868118105470181,434.026276730001,5.636704921722412,28.529306411743164,0.0,394.9252024045935,1.8670271123651687,0,1,0
41,Unity,2024-05-15,2024-07-31,1,moderate,30.67062631148206,8.177630786080043,-5.776245645487207,1.0728493233818652,-7.465958021910911,-4.442011390330848,-14.08548735919923,0.7005673961101515,-15.080310002173286,-13.14067147474056,1.0728493233818652,0.7005673961101515,346.95554979890585,4.505916118621826,23.836475372314453,0.0,402.3086115266602,1.4492442030151294,0,1,0
42,Unity,2024-05-15,2024-07-31,1,moderate,30.255808805937708,8.281898882558139,-9.187008621698475,1.6499965848664906,-12.41184370472713,-6.86025504078625,-16.041238383930473,1.403980131459924,-18.362070492665122,-13.354277418133265,1.6499965848664906,1.403980131459924,377.5963937267661,4.903849124908447,25.80758285522461,0.0,397.51661164634305,1.5842665764330788,0,1,0
43,Unity,2023-08-01,2023-10-31,1,high,30.26504197591504,9.194370598469275,-11.760419457751603,0.7513521560272796,-12.94082538170683,-10.597901469816206,-15.971290872364474,0.721873888308927,-17.048721289523915,-14.785203285972749,0.7513521560272796,0.721873888308927,400.05528235435486,4.396212100982666,19.011260986328125,0.0,397.36330522674945,2.2134360725662785,0,1,0
44,Unity,2023-08-01,2023-10-31,1,high,30.252181409094504,9.215633108194595,-9.406727192727562,0.9249583553845527,-10.939671613508272,-7.998975176111453,-15.364679739334871,0.6439884288897644,-16.372885604913783,-14.350859373634755,0.9249583553845527,0.6439884288897644,408.0233781337738,4.483773231506348,18.074779510498047,0.0,397.34159498207833,2.2825400954519632,0,1,0
45,Unity,2023-08-01,2023-10-31,1,high,31.32202819146596,7.595992452642035,-7.796907272133312,0.5764417358542495,-8.629559815425859,-6.947194852882765,-14.384413798197148,1.0104774147195352,-15.728433631252045,-12.743919083229613,0.5764417358542495,1.0104774147195352,363.8194921016693,3.998016357421875,22.32988166809082,0.0,411.08246546131755,1.9937299605228092,0,1,0
46,Unity,2023-08-01,2023-10-31,1,high,30.965303257394982,7.694821204800741,-5.446785894946394,1.8402106265824867,-8.059221556533176,-3.0795611848707627,-17.205915259714747,3.195169675175474,-22.056581710611482,-12.991192529220433,1.8402106265824867,3.195169675175474,390.6497051715851,4.292853832244873,24.61048126220703,0.0,408.8238344532296,1.713865924768435,0,1,0
47,Unity,2023-08-01,2023-10-31,1,high,31.30238144687452,7.912326827500978,-8.500845257691177,0.8869741706440005,-9.726467404348083,-7.188689613852516,-13.933789740064627,0.6448398066553801,-14.84945486019181,-12.972589389058928,0.8869741706440005,0.6448398066553801,390.9698386192322,4.296371936798096,31.133878707885742,0.0,407.59849397590347,2.4717682786563215,0,1,0
48,Unity,2023-08-01,2023-10-31,1,high,29.644259256215026,7.9680409748291074,-9.976939476419629,1.8451325988875271,-13.892296452633218,-7.448017055223919,-16.007123926396208,1.4004587307473926,-19.204529722632838,-14.535933751069425,1.8451325988875271,1.4004587307473926,401.17425549030304,4.40850830078125,18.418983459472656,0.0,396.5323378164555,2.566017705918494,0,1,0
49,Unity,2023-08-01,2023-10-31,1,high,31.434623178979827,7.998408050895613,-8.599792710799365,0.8231363480066461,-9.765299257347483,-7.380494060125648,-13.943315976291663,0.6327956766016749,-14.845426533913658,-13.010068477713787,0.8231363480066461,0.6327956766016749,403.21547651290894,4.430939197540283,21.959217071533203,0.0,408.09252742610323,2.7386835431151155,0,1,0
50,Unity,2023-08-01,2023-10-31,1,high,31.428713260222523,7.5793015158905,-9.273719287070344,1.2766762007449959,-11.039121110767333,-7.447888461811847,-14.509400818420577,0.8525522954181357,-15.78281200875161,-13.335721471754423,1.2766762007449959,0.8525522954181357,338.6290247440338,3.721198081970215,20.254587173461914,0.0,415.0939267284237,1.602440051850731,0,1,0
51,Upper_Nile,2023-08-01,2023-10-31,1,high,33.664441006909065,10.042467665925585,-8.095874680836937,0.9262064286248544,-9.48832496401493,-6.558490097703635,-13.793988963741574,1.0694938979691524,-15.416600031211665,-11.996979850333721,0.9262064286248544,1.0694938979691524,409.5835738182068,4.500918388366699,20.032316207885742,0.0,450.2252393167742,1.7042186491101425,0,0,1
52,Upper_Nile,2023-08-01,2023-10-31,1,high,32.67722796095418,9.262558205351075,-5.648721574485145,0.730413877171021,-6.686547127699371,-4.422226011235384,-14.542722921755276,0.8788319440584281,-16.004005191947197,-13.307740559229478,0.730413877171021,0.8788319440584281,406.5060133934021,4.467099189758301,24.39142608642578,2.5945945945945947,397.7189580253549,2.1136755145005157,0,0,1
53,Upper_Nile,2023-08-01,2023-10-31,1,high,32.83181988751637,10.520195625781227,-8.76754654497069,0.7175755349747825,-9.949556678401342,-7.658798934064162,-13.964011410620735,0.8436453485980026,-15.282666273507912,-12.645325649399455,0.7175755349747825,0.8436453485980026,366.56263494491577,4.0281606912612915,21.649258136749268,0.0,392.4159423135273,2.2851293917629585,0,0,1
54,Upper_Nile,2023-08-01,2023-10-31,1,high,31.955544951179508,8.536103007639444,-8.382200680198627,0.873654978834154,-9.598139883838293,-7.043049127152062,-13.920597984563642,0.930666597697667,-15.268122485691597,-12.561074162908913,0.873654978834154,0.930666597697667,388.5657262802124,4.26995325088501,33.33838653564453,0.0,402.38723954358954,2.9588855183818237,0,0,1
55,Upper_Nile,2023-08-01,2023-10-31,1,high,32.44710630120276,8.811029289109962,-8.124873174486956,1.0242410135033646,-9.83213555428949,-6.241044891107861,-13.79389024686442,1.0572646093473685,-15.459346056294336,-11.81502450499198,1.0242410135033646,1.0572646093473685,338.28735542297363,3.7174434661865234,27.769733428955078,0.0,402.5458638860859,1.6268971785599236,0,0,1
56,Upper_Nile,2023-08-01,2023-10-31,1,high,32.88675723462598,9.208318289460086,-11.004054319371386,1.2095258091328438,-12.878943027547017,-9.174279074380438,-16.33750427083016,1.0700373447218872,-17.991787704577455,-14.784069772499775,1.2095258091328438,1.0700373447218872,377.8944753805796,4.152686331007216,24.63024393717448,2.7046476761619176,397.78272790810206,1.3451887360551815,0,0,1
57,Upper_Nile,2023-08-01,2023-10-31,1,high,32.23302403563425,8.89886090864985,-10.511306395091664,1.1804520216877623,-12.383745023236736,-9.00159698094544,-15.39291511636908,1.3528548730438341,-17.67198305253217,-13.78239774872786,1.1804520216877623,1.3528548730438341,380.25918078422546,4.1786723136901855,30.27944564819336,0.0,399.5498814002395,2.128035110255981,0,0,1
58,Upper_Nile,2023-08-01,2023-10-31,1,high,31.62730758629373,8.77617941544369,-8.798212889477774,1.14856727373869,-10.690466971678864,-7.292595112798521,-14.393250896831436,0.6311328600452264,-15.328238574235916,-13.471117195102561,1.14856727373869,0.6311328600452264,422.0611801147461,4.638034820556641,25.428577423095703,0.0,401.2327286917672,2.4073990190849184,0,0,1
59,Jonglei,2023-06-01,2023-08-15,1,moderate,32.492963160102434,6.0897137899395615,-12.662625659078858,0.6866368431446874,-13.674751055939609,-11.677991882806422,-19.774142250063207,0.8892945251820349,-21.16411973612334,-18.582167007455386,0.6866368431446874,0.8892945251820349,202.841459274292,2.7045528888702393,29.923965454101562,0.0,433.96877115393266,2.184052270903441,1,0,0
60,Jonglei,2023-06-01,2023-08-15,1,moderate,32.501483418346716,6.905262531812998,-10.353768877934368,1.452450011311934,-12.081314203869097,-8.05604911608167,-16.073393396296197,1.659751120277206,-18.26873486187457,-13.668187512082675,1.452450011311934,1.659751120277206,302.78073740005493,4.037076473236084,22.969619750976562,0.0,422.12439285939524,1.4786363391863813,1,0,0
61,Jonglei,2023-06-01,2023-08-15,1,moderate,32.22875577908757,8.166677461258427,-10.871970378183496,1.9619504547734512,-13.957781149220429,-7.025706022502832,-17.504867924267682,1.8762448220206076,-21.622165494806904,-14.879047601994396,1.9619504547734512,1.8762448220206076,373.2785668373108,4.977047443389893,30.841299057006836,0.0,407.4208270626023,2.509338705922993,1,0,0
62,Jonglei,2023-06-01,2023-08-15,1,moderate,33.404100621605224,7.546004112324885,-9.140463921758434,0.894033709055401,-10.611471486990206,-7.986083242409741,-14.797300673941654,1.1658270508650472,-16.78397440523567,-13.306916630091242,0.894033709055401,1.1658270508650472,410.6681830883026,5.475575923919678,33.541683197021484,0.0,416.44963353894724,1.7557012506203808,1,0,0
63,Jonglei,2023-06-01,2023-08-15,1,moderate,33.127064829148345,7.085616358860248,-9.80032177954286,1.1050773035764212,-11.802430420256721,-8.556011702574938,-15.125234673613809,1.438320814238875,-17.75171344467899,-13.49230801673486,1.1050773035764212,1.438320814238875,349.56148767471313,4.660820007324219,41.41184616088867,0.0,416.8380027926671,1.885424229809145,1,0,0
64,Jonglei,2023-06-01,2023-08-15,1,moderate,32.08230284069102,6.158010106333342,-12.306628956325595,1.572529706206262,-14.383450264585033,-9.809487715124373,-18.58178441498888,2.3419913809043136,-22.080362654425542,-15.026660593675235,1.572529706206262,2.3419913809043136,251.83931398391724,3.3578574657440186,25.477611541748047,0.0,431.8123443197,1.419209377721482,1,0,0
65,Jonglei,2023-06-01,2023-08-15,1,moderate,32.76889317323421,7.34317081956023,-10.982056018049754,2.029590406720768,-13.817507026728792,-8.376963876971336,-17.2444796979689,3.0324181061277162,-21.931526162403312,-14.137448639491188,2.029590406720768,3.0324181061277162,389.3764910697937,5.191686630249023,38.37141799926758,0.0,415.79697339340913,1.9476502151230686,1,0,0
66,Jonglei,2023-06-01,2023-08-15,1,moderate,33.321933082633414,6.860327790643539,-9.782329318083109,1.1162207739708498,-11.523984063653039,-8.25180711003148,-15.269265947337312,1.2414774335152794,-17.16872397760418,-13.508627821013894,1.1162207739708498,1.2414774335152794,367.8938913345337,4.905251979827881,45.391082763671875,0.0,418.4004082441896,1.6297927740995064,1,0,0
67,Jonglei,2023-06-01,2023-08-15,1,moderate,32.42187918450846,7.796657441197697,-12.983157119578133,1.1351020257625568,-14.697144002296753,-11.317859863598107,-19.017427223836012,1.9435814291024707,-22.568471443540183,-16.40292848659251,1.1351020257625568,1.9435814291024707,371.93335914611816,4.95911169052124,28.077301025390625,0.0,411.80133367507085,2.3849556277410966,1,0,0
68,Jonglei,2023-06-01,2023-08-15,1,moderate,32.78957388724255,6.01844675116647,-12.200256135876554,0.6479235470656268,-13.168858542621896,-11.246823715148242,-17.806220215879012,0.7940263699139376,-18.961352385968482,-16.711023302556324,0.6479235470656268,0.7940263699139376,220.43587149514093,2.939144955741035,29.992579142252602,0.0,433.1523892918562,2.3713420893791803,1,0,0
69,Jonglei,2022-07-15,2022-10-31,1,very_high,33.4383036988358,6.511466062266068,-10.028188108221263,1.0305289024636,-11.32921833557195,-7.959617462718205,-15.260650286497219,0.8850217085531024,-16.506115085432228,-13.588559666989054,1.0305289024636,0.8850217085531024,598.4743887111546,5.54142951965332,64.5718231201172,0.8,419.1016152014713,1.7883670977074388,1,0,0
70,Jonglei,2022-07-15,2022-10-31,1,very_high,32.22697080897288,6.069152976800492,-8.074510385390745,1.8849291412933062,-11.857719363523595,-5.693619115204661,-15.177350767747306,1.9248929372044636,-18.226346338019805,-11.854614197045892,1.8849291412933062,1.9248929372044636,464.7373831272125,4.303123950958252,35.03619384765625,0.0,433.07770180308245,1.5675570940698584,1,0,0
71,Jonglei,2022-07-15,2022-10-31,1,very_high,32.10321905583041,6.461746076793287,-10.084711501006003,1.290568916084344,-11.866112252055633,-7.750664939359603,-14.977755976457772,1.7218749684216363,-16.948065621863275,-11.27590593198311,1.290568916084344,1.7218749684216363,442.46147549152374,4.096865653991699,42.15753936767578,0.0,428.7642498962825,1.9045197766012625,1,0,0
72,Jonglei,2022-07-15,2022-10-31,1,very_high,32.9869184912979,6.173455531695418,-10.316797974328622,1.0989035747460285,-12.650074871871578,-8.882462863042463,-15.016776592552297,1.333464992315497,-18.117572078516606,-13.606081463064866,1.0989035747460285,1.333464992315497,557.440368950367,5.161484718322754,53.93657302856445,0.0,427.34267343485624,2.15857589152541,1,0,0
73,Jonglei,2022-07-15,2022-10-31,1,very_high,33.03851083485502,7.503056346513992,-7.73219496859988,0.7106523003000482,-8.876271635374229,-6.596422672045997,-12.919034605671337,0.8508528732703137,-14.398110539871293,-11.677031622468348,0.7106523003000482,0.8508528732703137,607.8799153268337,5.6285176277160645,40.82960510253906,0.0,414.6438149664763,1.5993062031962135,1,0,0
74,Jonglei,2022-07-15,2022-10-31,1,very_high,32.334800119607394,7.732966117288479,-8.41656550664059,2.58574473280226,-12.237089334462771,-5.464701821321335,-15.859005068011024,0.7564411910421587,-17.033873707296337,-14.662180252502402,2.58574473280226,0.7564411910421587,549.2264207601547,5.085429668426514,28.400957107543945,0.0,412.31285079513555,2.69723458730412,1,0,0
75,Jonglei,2022-07-15,2022-10-31,1,very_high,32.008988939338366,7.892659297201646,-8.229951864748891,1.1777740268021077,-10.645159439513007,-6.745727432732013,-14.118330300154202,1.236852416366421,-16.787914103219524,-12.60310320972995,1.1777740268021077,1.236852416366421,462.0514752268791,4.278254508972168,31.38851547241211,0.0,411.0715955476434,2.725070418398939,1,0,0
76,Jonglei,2022-07-15,2022-10-31,1,very_high,33.29918494834089,7.863208504085354,-8.416769780353698,0.7591495488022769,-9.746945160486941,-7.294869927760069,-14.147292119983835,0.5907090537199862,-15.07095425085935,-13.226389657948816,0.7591495488022769,0.5907090537199862,539.7475194334984,4.99766206741333,40.35702133178711,0.0,412.2895026730034,1.9365451261109403,1,0,0
77,Jonglei,2022-07-15,2022-10-31,1,very_high,32.14319661856954,7.735280969289125,-10.15224037722056,1.9371144647982985,-13.183855527876442,-5.600038272082851,-15.522826257683038,1.274229139134508,-17.942453741227997,-13.340067678117228,1.9371144647982985,1.274229139134508,496.6599639058113,4.598703384399414,36.68666076660156,0.0,412.71879370589994,2.6061453281365,1,0,0
78,Jonglei,2022-07-15,2022-10-31,1,very_high,32.10198837349916,7.079330742676948,-11.590732845491429,1.5857678151916266,-14.55699943905957,-8.19549313933746,-16.237274420756904,1.5139599095908218,-18.907072705145346,-13.372047970032712,1.5857678151916266,1.5139599095908218,550.3189843297005,5.095546245574951,38.58949279785156,0.0,420.8699196512216,1.9251435521616644,1,0,0
79,Unity,2022-07-15,2022-10-31,1,very_high,29.67420108338255,9.335802198580813,-8.53897808678778,0.7770007340259556,-9.650509481431275,-7.303367115042604,-13.356618844547077,0.9600286549487619,-14.892059475498863,-11.953854220900674,0.7770007340259556,0.9600286549487619,541.7404004335403,5.016114711761475,30.378755569458008,0.0,397.4749529780562,2.0556287314512227,0,1,0
80,Unity,2022-07-15,2022-10-31,1,very_high,29.89877694075011,8.592772923037405,-7.558863462702074,0.8975809840933555,-9.064611335986122,-6.32132904591066,-13.767075258454176,0.8643837789412154,-15.058973467562833,-12.458356438895295,0.8975809840933555,0.8643837789412154,510.59477949142456,4.727729320526123,24.35708999633789,0.0,394.74553156735095,2.155614753211844,0,1,0
81,Unity,2022-07-15,2022-10-31,1,very_high,30.56731300673816,7.647225626866018,-14.583277020162777,2.3835514393632136,-17.428819003580145,-10.734318164600678,-20.329563743134514,2.4980049652653076,-23.114575257809893,-16.127601622678412,2.3835514393632136,2.4980049652653076,401.67728984355927,3.7192342281341553,17.102516174316406,31.160428994082682,405.8506495258999,1.424514712732198,0,1,0
82,Unity,2022-07-15,2022-10-31,1,very_high,30.141391991446454,8.328505149415149,-8.815958156051137,1.1342991152156494,-11.11379868301922,-6.935279718719309,-15.091297206955016,1.2375110421658861,-17.408422053574604,-12.865229531886014,1.1342991152156494,1.2375110421658861,467.8349512716135,4.331804911295573,23.285122553507488,0.0,396.62790603683305,2.054094500649032,0,1,0
83,Unity,2022-07-15,2022-10-31,1,very_high,30.631880263192446,8.31863916533463,-7.767540666575761,1.248002423822567,-9.972749421143073,-6.041332340447604,-15.877234257063868,1.381521539370649,-17.99134916918066,-13.762750759705819,1.248002423822567,1.381521539370649,441.7223587274552,4.090021800994873,26.352472686767577,0.0,400.8590834586974,1.464036473426896,0,1,0
84,Unity,2022-07-15,2022-10-31,1,very_high,29.817999856056073,9.061409243078053,-9.102817716964507,1.1076844182566863,-10.98715057592106,-7.629236602294928,-16.452921886551422,0.9106154476945755,-17.774971923632734,-15.005257463080227,1.1076844182566863,0.9106154476945755,540.1633725166321,5.00151252746582,27.619604110717773,0.0,394.3834959506276,2.2009165072220878,0,1,0
85,Unity,2022-07-15,2022-10-31,1,very_high,30.931539243215454,9.045033998901935,-7.505758432416356,0.7903504774692797,-8.717952840754833,-6.288070014560497,-14.467171832298531,0.8699577938519197,-15.775550316451406,-13.083152734568475,0.7903504774692797,0.8699577938519197,473.7849989235401,4.386898040771484,22.162561416625977,0.0,401.49134295177754,1.5998652089327785,0,1,0
86,Unity,2022-07-15,2022-10-31,1,very_high,29.938004558345966,7.5081876950157245,-7.790115060881195,1.500197845027583,-10.687562282690406,-5.99716128071769,-15.194047118791278,0.7941597478229753,-16.61394449492708,-14.133902277951147,1.500197845027583,0.7941597478229753,519.0782099962234,4.80627965927124,19.667694091796875,0.0,404.07142503588614,2.1902830475029496,0,1,0
87,Unity,2022-07-15,2022-10-31,1,very_high,31.240707500105763,8.713349206331436,-7.54878421402404,1.051044159523283,-9.206936167318247,-5.7858593548209365,-14.192776971150519,0.7837256045463886,-15.438130182574813,-12.965038700318193,1.051044159523283,0.7837256045463886,528.6120580037434,4.894556045532227,34.9543800354004,0.0,403.99943924059704,1.8123660518873632,0,1,0
88,Upper_Nile,2022-07-15,2022-10-31,1,very_high,31.600401525147618,8.730534385689912,-7.607974965142722,0.8724703258174038,-8.9121498039227,-6.199779286373526,-12.940448303995042,0.859623029857142,-14.289459772428152,-11.608407181456595,0.8724703258174038,0.859623029857142,543.026871740818,5.028026580810547,23.312936782836914,0.0,405.5993656888824,1.8917875369778803,0,0,1
89,Upper_Nile,2022-07-15,2022-10-31,1,very_high,31.86353948499494,9.073366440169638,-7.994694413799632,0.8340388233900256,-9.242205652066295,-6.659677982811163,-13.63864014009656,0.9673976938306548,-15.141731045328147,-12.125298572193222,0.8340388233900256,0.9673976938306548,554.3743880242109,5.133096218109131,32.668487548828125,0.0,402.06066690570054,1.6378095044181757,0,0,1
90,Upper_Nile,2022-07-15,2022-10-31,1,very_high,33.8992370581597,9.15426639255472,-7.876830580982443,0.7018773281103596,-9.007661369869396,-6.8043471461643685,-14.218582667183806,0.9515453496288108,-15.67334458311439,-12.556767370474224,0.7018773281103596,0.9515453496288108,539.9926829338074,4.999932289123535,26.601438522338867,0.0,472.86916800709764,1.9209650800240903,0,0,1
91,Upper_Nile,2022-07-15,2022-10-31,1,very_high,32.54269066686997,9.670317138295673,-9.814522345305692,1.0176632828322325,-11.708934532451512,-8.433145463219468,-15.584839824958019,1.0233948003438968,-17.74854864083186,-14.330241247568233,1.0176632828322325,1.0233948003438968,543.2353640049696,5.029957294464111,31.78784942626953,0.0,395.63088665586935,1.7719908652964431,0,0,1
92,Upper_Nile,2022-07-15,2022-10-31,1,very_high,33.049475212116576,10.491235335108192,-8.099248306529491,1.1470619431784432,-10.14070882236159,-6.50608598612193,-14.241195407814027,1.0009078523632013,-16.186522371658665,-12.893960180365008,1.1470619431784432,1.0009078523632013,551.2191884703934,5.103881359100342,23.4011173248291,0.0,397.39746971015444,2.799722107186318,0,0,1
93,Unity,2022-05-01,2022-07-31,1,high,30.402256474522165,8.93975875927859,-9.275248085520257,1.7997193210979106,-13.20712556681248,-6.566785966003607,-17.381486216644376,1.3900936759638667,-20.0834415978577,-14.842079283262997,1.7997193210979106,1.3900936759638667,344.45238190037867,3.785190922873361,24.13610104152135,0.0,400.55301148641996,1.4294306714101654,0,1,0
94,Unity,2022-05-01,2022-07-31,1,high,30.64913525377117,8.158342753564346,-10.311902575702183,0.8963726058555492,-11.682551088317345,-9.010145774094829,-15.823632997454338,0.7511934639936232,-17.005882317804115,-14.729513673727043,0.8963726058555492,0.7511934639936232,340.52449491620064,3.742027521133423,27.247068405151367,12.918918918918918,402.4516344978789,1.5185355444580475,0,1,0
95,Unity,2022-05-01,2022-07-31,1,high,30.04985206359443,8.353518418135334,-10.635413174556097,1.2543866737977034,-12.375755090371898,-8.443201471081606,-15.69589001366905,0.9472953432585267,-17.150649500619995,-14.202299731940979,1.2543866737977034,0.9472953432585267,346.7838487625122,3.810811489820481,28.111953735351562,0.0,393.9328818674162,1.8083133656610235,0,1,0
96,Unity,2022-05-01,2022-07-31,1,high,31.480274265077828,8.821271603782833,-8.592692890154837,1.2223291527745195,-10.11988176340614,-6.497498894069012,-13.75322833436518,1.3358813485190788,-15.308696745539326,-11.357320302783924,1.2223291527745195,1.3358813485190788,371.1560658812523,4.078638076782227,26.893930435180664,0.0,402.686776003337,1.964902412548378,0,1,0
97,Unity,2022-05-01,2022-07-31,1,high,30.965433461596284,8.285934122588655,-7.979534254216895,0.7988820067191742,-9.17336488040438,-6.801240441873651,-16.471832659161173,3.034982447038668,-21.601525978046915,-13.30215757948161,0.7988820067191742,3.034982447038668,355.07766020298004,3.9019522666931152,29.161916732788086,9.0,402.45656284386166,1.5982123779904147,0,1,0
98,Unity,2022-05-01,2022-07-31,1,high,30.68065781541482,8.867958542001372,-9.41137032859287,0.9734375778482875,-10.789316797158731,-7.89209618661223,-14.737398618108962,0.7413814804242785,-15.837271631907667,-13.551831626197588,0.9734375778482875,0.7413814804242785,341.052606344223,3.747830867767334,24.65997886657715,0.0,399.7265527957274,1.5185246062612017,0,1,0
99,Unity,2022-05-01,2022-07-31,1,high,30.18600401069707,8.734963345428724,-8.634924268407657,0.8641874704686613,-10.121353264903835,-7.410527355222097,-15.11138705510615,1.106825645702294,-16.7537221207599,-13.34719084041436,0.8641874704686613,1.106825645702294,334.8888689412011,3.680097368028429,23.654909345838757,0.0,397.69774546041765,1.9580733637187573,0,1,0
100,Unity,2022-05-01,2022-07-31,1,high,30.889169075893303,8.20751675715396,-14.11254471331576,1.3420765262469498,-16.122357254211636,-12.057576181293822,-23.351488864548042,1.3003621523320958,-25.237172739788466,-21.331596144729858,1.3420765262469498,1.3003621523320958,340.8276369571686,3.74535870552063,28.66425895690918,0.0,401.6906645463,1.4582647949828422,0,1,0
101,Jonglei,2022-05-01,2022-07-31,1,high,32.12238344863535,7.872793925448711,-11.315144203372826,1.7541535672814765,-13.945797124464438,-8.1470151028904,-17.99024504705745,2.675069493867568,-22.68203908225843,-13.436251891832875,1.7541535672814765,2.675069493867568,361.7050106525421,3.974780321121216,26.966079711914062,0.0,412.58679878076197,2.3932931139307256,1,0,0
102,Jonglei,2022-05-01,2022-07-31,1,high,32.42059701798791,8.393105933580188,-10.498338081466791,2.381472547020256,-14.359530335399546,-6.616861538930105,-18.923640782883137,3.1927054188644304,-23.215683653652206,-14.209010321689533,2.381472547020256,3.1927054188644304,413.04183626174927,4.538921356201172,38.13198471069336,0.0,403.4695409705041,1.5922815601981977,1,0,0
103,Jonglei,2022-05-01,2022-07-31,1,high,32.74591657757266,6.522126538470901,-10.065742671375208,1.5110392215873725,-12.620583550400937,-8.111275045118164,-15.436179846171505,1.1575047742945113,-17.26495694430193,-13.930824983728588,1.5110392215873725,1.1575047742945113,352.21651775836943,3.8705112457275392,47.72911834716797,0.0,426.18688731568744,2.7680761408944545,1,0,0
104,Jonglei,2022-05-01,2022-07-31,1,high,32.475223773384585,8.320338154914728,-9.878196823966261,1.0254023768335865,-11.288955781403434,-8.409409243153643,-15.249639770143274,1.1913440319509094,-16.861639600326686,-13.484932767341608,1.0254023768335865,1.1913440319509094,413.3611512184143,4.542430400848389,34.4873046875,0.0,404.6644629880803,1.259616566231546,1,0,0
105,Jonglei,2022-05-01,2022-07-31,1,high,33.08105298447944,6.846339537740231,-9.232626762089117,0.6769516969003583,-10.235225254939072,-8.262602857070565,-14.704875245065738,0.7931316874443569,-15.915865590348877,-13.595458385567445,0.6769516969003583,0.7931316874443569,416.2520830631256,4.5741987228393555,47.434173583984375,0.0,422.2214140540147,2.082484168062797,1,0,0
106,Jonglei,2022-05-01,2022-07-31,1,high,32.437308811949286,6.7731964906916575,-11.190450511795088,1.2791690764234536,-12.911636972058792,-9.402604220759684,-16.982747655572098,1.6689763658848762,-20.005489174532517,-15.146255166448153,1.2791690764234536,1.6689763658848762,334.80002546310425,3.679121255874634,28.23921775817871,0.0,423.95695144869745,2.4377333730300315,1,0,0
107,Jonglei,2022-05-01,2022-07-31,1,high,33.05605470783005,6.16750881157092,-10.570706767340715,1.2873278095091591,-12.232834454579628,-8.667665924587855,-16.293661982733102,1.6443758458092879,-18.380319409006656,-13.866429429718456,1.2873278095091591,1.6443758458092879,389.27247219085694,4.277719402313233,47.994171142578125,0.0,428.04692780788497,2.53879072509105,1,0,0
108,Jonglei,2022-05-01,2022-07-31,1,high,33.47043784071345,6.194099798877457,-9.704660305654206,0.9470996690480568,-11.013134521497069,-8.302785654721964,-15.24645687508764,1.18433614152126,-17.163467938252204,-13.721080927946158,0.9470996690480568,1.18433614152126,461.90846663713455,5.0759172439575195,50.59911346435547,0.0,420.89735595361606,2.1047489215383917,1,0,0
109,Jonglei,2022-05-01,2022-07-31,1,high,32.898594747505655,7.340517100624838,-11.00843952591129,1.1827936491407043,-12.699535218535617,-9.330645524509736,-17.305976674035115,1.5208443348836738,-19.53673688135806,-14.755551636405071,1.1827936491407043,1.5208443348836738,408.57146763801575,4.489796161651611,37.62313461303711,0.0,415.7524229233535,2.234911685245648,1,0,0
110,Jonglei,2022-05-01,2022-07-31,1,high,32.374546065426856,6.992592994469481,-10.996820879159348,1.639758514219615,-13.565707291949247,-8.930328216031983,-17.831927254036717,2.1384118461363797,-20.707962262656444,-15.123898755032002,1.639758514219615,2.1384118461363797,346.02694696187973,3.8024938106536865,45.148563385009766,0.0,420.8702943759994,1.98712541400029,1,0,0
111,Jonglei,2021-07-01,2021-09-30,1,high,32.27020079125373,7.299775448974242,-10.690964568796899,1.1918943124216759,-12.581184036639119,-8.755589081176652,-16.012025767966563,0.9440308016607667,-17.5808518544907,-14.333858499947159,1.1918943124216759,0.9440308016607667,460.9461045265198,5.065341949462891,33.68569564819336,0.0,417.3324255096942,1.8937819935152176,1,0,0
112,Jonglei,2021-07-01,2021-09-30,1,high,32.39616847605878,6.398208357528412,-11.135356224163614,1.6142592259387765,-13.840454771795512,-8.981341108925617,-17.149017921876872,1.6362777554907035,-19.897046394908568,-14.914718401600792,1.6142592259387765,1.6362777554907035,438.7750196456909,4.8217034339904785,29.52783966064453,0.0,429.6953441067295,2.040345503685877,1,0,0
113,Jonglei,2021-07-01,2021-09-30,1,high,32.97597166601714,7.375601606859443,-7.986935719833286,0.7766499385100518,-9.320137171730199,-6.752651299567397,-13.573490513553729,0.7894837686528965,-14.862990925698503,-12.18623612382136,0.7766499385100518,0.7894837686528965,463.03990411758423,5.088350772857666,36.97681427001953,19.1972049689441,414.38438376264185,1.6143303329250132,1,0,0
114,Jonglei,2021-07-01,2021-09-30,1,high,32.72588828896865,8.19659292950089,-8.210388184723666,2.008069339076705,-13.15900334372129,-5.925962785029839,-15.891431683933025,1.4101752039400046,-19.574133277599444,-14.374708757122301,2.008069339076705,1.4101752039400046,531.2725486755371,5.838160037994385,31.832857131958008,0.0,405.5029872603454,1.5265311508982036,1,0,0
115,Jonglei,2021-07-01,2021-09-30,1,high,32.759501964355884,8.339650404728648,-7.677918546836504,0.6953379500336768,-8.859483713586444,-6.549288331451307,-12.728219791398079,0.6918088316425596,-13.914768431984609,-11.657038077035363,0.6953379500336768,0.6918088316425596,503.4822430610657,5.532772064208984,31.66983413696289,0.0,405.29449219135887,1.6736051299729024,1,0,0
116,Jonglei,2021-07-01,2021-09-30,1,high,32.70031997606564,6.340383361437604,-10.314261386079806,2.2652315444999545,-14.996938045283017,-7.465778869904537,-16.827371155022867,2.5752653069935048,-23.881921949398176,-14.332703491844407,2.2652315444999545,2.5752653069935048,406.13306554158527,4.463000774383545,35.27698644002279,0.0,427.73807236198127,2.289716815167006,1,0,0
117,Jonglei,2021-07-01,2021-09-30,1,high,32.55436863438281,6.024570046886035,-10.265834652402742,2.779608974136495,-14.276702455758462,-6.021163006721104,-16.290130904384533,2.2105516461747685,-19.79832418921455,-13.051659774352844,2.779608974136495,2.2105516461747685,378.8614764213562,4.163312911987305,27.048311233520508,0.0,432.6820153366342,2.003517003199355,1,0,0
118,Jonglei,2021-07-01,2021-09-30,1,high,33.199070451415494,7.687406925394528,-10.793460057521798,1.2086449179059169,-12.928295261970888,-8.9974630432827,-15.562711300623457,1.2932746602638552,-18.32765970133594,-13.888670406619875,1.2086449179059169,1.2932746602638552,491.33319759368896,5.399265766143799,43.401676177978516,0.0,412.67581485929134,1.6179120724138445,1,0,0
119,Jonglei,2021-07-01,2021-09-30,1,high,32.29665309281528,7.515192638070159,-11.082341137621702,1.0718287398117459,-12.873463651952092,-9.45721478108952,-16.470739732438865,0.8870227221659653,-17.990983890836265,-15.110814102279603,1.0718287398117459,0.8870227221659653,492.27498245239263,5.409615135192871,34.251303863525386,0.0,415.76283213715215,2.0825864768662306,1,0,0
120,Jonglei,2021-07-01,2021-09-30,1,high,33.086682628964105,6.9366944086810065,-8.402961632287948,1.3137233928509413,-10.883152032518163,-6.555934699501572,-13.794342131370838,1.4395059740320237,-16.814572557479284,-11.89403901876264,1.3137233928509413,1.4395059740320237,413.12755966186523,4.539863109588623,30.120168685913086,0.0,418.248071759384,2.4823161550707353,1,0,0
121,Unity,2021-07-01,2021-09-30,1,high,30.444049382629323,7.515079901802875,-10.430504331919611,1.1447909279599962,-12.757106185786187,-8.628207683312114,-20.94532928592166,1.0418577176699346,-22.798665322759952,-19.158724242878694,1.1447909279599962,1.0418577176699346,414.73679304122925,4.557547092437744,22.31852912902832,0.0,404.3786063965732,1.7846238523803752,0,1,0
122,Unity,2021-07-01,2021-09-30,1,high,30.588725281887694,9.424028181924543,-7.027279566036662,1.0261506687576158,-9.078177137320393,-5.3916234923438395,-15.057358564257946,1.2577425646414635,-17.165195736029563,-13.029541823123646,1.0261506687576158,1.2577425646414635,448.8907393614451,4.932865301767985,20.184137980143227,0.0,398.9807256641922,1.4248622265866067,0,1,0
123,Unity,2021-07-01,2021-09-30,1,high,31.455755973343113,8.009941681282081,-8.684406372228276,0.8256798408949247,-10.211759273992524,-7.323741010165979,-14.456984807476658,0.8162848751397423,-16.014753649114102,-13.092887103273057,0.8256798408949247,0.8162848751397423,470.29962944984436,5.16812801361084,27.756093978881836,0.0,410.1920547957518,1.9946459168344104,0,1,0
124,Unity,2021-07-01,2021-09-30,1,high,30.91952985017903,9.227386915826871,-8.054140423854738,0.5957728283981337,-8.802613033210916,-7.2490601003929935,-14.088240402427216,0.7442222448265994,-14.982213000841053,-13.060511651529598,0.5957728283981337,0.7442222448265994,430.41787934303284,4.729866981506348,25.231143951416016,0.0,402.59934592209316,1.8529981375448226,0,1,0
125,Unity,2021-07-01,2021-09-30,1,high,31.31476072466642,7.587733409035797,-7.169474035407119,0.629728925419948,-8.229058755460883,-6.0235683804432165,-12.267586446177067,0.7070124211441727,-13.444255525680157,-10.938447730171399,0.629728925419948,0.7070124211441727,454.27681946754456,4.992053031921387,26.90281867980957,0.0,411.19357508851,2.2303315755373236,0,1,0
126,Unity,2021-07-01,2021-09-30,1,high,30.790347303782237,9.203941277557325,-8.123499615796083,0.8090867865139605,-9.189713756537452,-7.0967990807839465,-15.206238469284411,0.8115370180368436,-16.282218616776436,-14.167556246876664,0.8090867865139605,0.8115370180368436,423.77118730545044,4.656826019287109,21.53803825378418,0.0,401.62759074902084,2.048353887775369,0,1,0
127,Unity,2021-07-01,2021-09-30,1,high,30.42601250235462,8.103259156006448,-10.277878402579308,0.9110746935413973,-12.026903407744173,-8.713478485678912,-15.192498339636145,0.6883796246496631,-16.49079476729872,-14.006092028660989,0.9110746935413973,0.6883796246496631,397.493017911911,4.36805534362793,18.813190460205078,0.0,401.97048157850975,1.2256280557909756,0,1,0
128,Unity,2021-07-01,2021-09-30,1,high,31.24796985705076,9.022731471886301,-7.1645739347751976,0.8586813942181682,-8.666293739601167,-5.766040086657465,-12.936409569771056,0.721790867364641,-14.198734226211858,-11.695777395487713,0.8586813942181682,0.721790867364641,502.682785987854,5.52398681640625,24.13013458251953,0.0,404.27455612283774,2.375878837094708,0,1,0
129,Unity,2021-07-01,2021-09-30,1,high,29.5445457964678,7.572830503651356,-7.659649525596697,1.357048627473184,-10.325540681786952,-5.529164409875753,-14.896919660647274,1.4002684329084412,-17.35263668849799,-12.484503935018141,1.357048627473184,1.4002684329084412,482.3420639038086,5.300462245941162,24.174348831176758,0.0,404.5124946008207,1.758320963772762,0,1,0
130,Unity,2021-07-01,2021-09-30,1,high,29.821519486179156,9.397923229231111,-6.9022899690879935,1.486642828119401,-9.539837655815301,-4.1981833052153075,-13.565989786786272,1.3446323689895865,-16.251449542432884,-11.131515777245802,1.486642828119401,1.3446323689895865,487.2417616844177,5.354305267333984,26.74953269958496,0.0,396.3447703053639,1.866304530639822,0,1,0
131,Upper_Nile,2021-05-15,2021-07-15,1,moderate,33.65645193235048,9.204598787888415,-9.176366686165574,0.9386928210438293,-10.590891032943789,-7.693415569737444,-14.899397307282657,1.0484554321366255,-16.402982220325903,-13.177906680010564,0.9386928210438293,1.0484554321366255,258.478657245636,4.2373552322387695,32.15757751464844,0.0,426.03988154705615,2.2306722582902507,0,0,1
132,Upper_Nile,2021-05-15,2021-07-15,1,moderate,32.648912489739345,9.196737629886547,-10.301762141940523,1.2379162263785053,-12.324370045183615,-8.402767940087793,-16.163247413262095,0.9488286068866141,-17.767729958339668,-14.765019801602984,1.2379162263785053,0.9488286068866141,233.89630126953125,3.8343656063079834,35.800533294677734,0.0,398.10727727297154,1.983218221761841,0,0,1
133,Upper_Nile,2021-05-15,2021-07-15,1,moderate,33.99610109720483,10.36185538568311,-9.688786431443404,1.1103176903365926,-11.465222102814515,-7.8966915241648215,-16.534027640847455,1.1630655016119826,-18.258889551791228,-14.39567563581974,1.1103176903365926,1.1630655016119826,257.9586820602417,4.228830814361572,33.8657112121582,0.0,572.8074184201482,1.9308184763578402,0,0,1
134,Upper_Nile,2021-05-15,2021-07-15,1,moderate,33.47457300394107,9.757176585350786,-9.3026842705149,0.9125256497365464,-10.664218994714076,-7.769464537624263,-15.03561229382889,1.0329763275437447,-16.59113436473539,-13.348513850921227,0.9125256497365464,1.0329763275437447,261.314138174057,4.283838272094727,42.9967155456543,0.0,419.0535730260685,1.8382784444541829,0,0,1
135,Upper_Nile,2021-05-15,2021-07-15,1,moderate,33.63401066829219,10.622695546512777,-10.266267195603259,1.0950923014751734,-11.762588286606585,-8.447105024160601,-17.111224351505278,1.5382174244035816,-19.146656736832274,-14.604077235471769,1.0950923014751734,1.5382174244035816,241.75125455856323,3.963135242462158,32.478126525878906,0.0,496.2013169223635,1.9255910629897681,0,0,1
136,Upper_Nile,2021-05-15,2021-07-15,1,moderate,33.52375423334583,10.341581114749452,-9.806549267532388,1.0301382936749839,-11.445940266647687,-8.240058452213935,-16.420858033598474,1.1810214626652615,-18.18978491818366,-14.528641172572572,1.0301382936749839,1.1810214626652615,247.5677628517151,4.058487892150879,36.122920989990234,0.0,445.76797913857297,1.7511817912650152,0,0,1
137,Jonglei,2020-07-15,2020-11-15,1,very_high,33.27519385457959,6.329382508340852,-9.838959781646235,1.0564311003058569,-11.72612922433678,-8.053823320001289,-14.9389629633167,0.8860750631080376,-16.58320012952012,-13.386073989135609,1.0564311003058569,0.8860750631080376,724.5875689014792,5.890955924987793,38.43255615234375,0.0,419.7484650952972,2.1744616929976845,1,0,0
138,Jonglei,2020-07-15,2020-11-15,1,very_high,33.37215430040888,6.091224669513143,-9.384661463663072,0.8413640480167877,-11.060112538190571,-7.998661662157919,-14.88224861394719,0.7516744892391081,-16.35715620033476,-13.600744947885314,0.8413640480167877,0.7516744892391081,693.2018531329103,5.63578748703003,34.35595364040798,0.42857142857142855,425.4295216906669,1.738533629680797,1,0,0
139,Jonglei,2020-07-15,2020-11-15,1,very_high,33.048066649445126,6.3990865865160504,-9.464947692040617,1.2333718349010547,-11.78540118366725,-7.289319617942443,-14.654936618322445,0.809017719155375,-16.069417871586932,-13.023951058042304,1.2333718349010547,0.809017719155375,695.3868078440428,5.65355110168457,37.368309020996094,0.0,425.84349418402724,2.609658021768149,1,0,0
140,Jonglei,2020-07-15,2020-11-15,1,very_high,32.99288067291354,7.836427760053258,-8.158108733131604,0.7976312323691487,-9.633704447442234,-6.78321896283664,-14.219900536718885,1.0520546036192426,-16.22377746543453,-12.47771939485183,0.7976312323691487,1.0520546036192426,756.2530719805509,6.1483988761901855,45.15068817138672,0.0,411.05770467330063,1.487029201117659,1,0,0
141,Jonglei,2020-07-15,2020-11-15,1,very_high,33.45075210433756,7.835084510613146,-7.986625169702761,1.082606568862394,-10.067682942837118,-6.228272163116406,-15.124149309153834,1.539093855122065,-17.418495157546705,-12.335680947225939,1.082606568862394,1.539093855122065,653.8450178317726,5.315813064575195,48.114013671875,0.0,414.012347011268,1.949976870212223,1,0,0
142,Jonglei,2020-07-15,2020-11-15,1,very_high,32.12873171990522,6.698322349464714,-10.491230417927595,1.02789335672525,-12.350097571964126,-8.623047799191339,-15.877351694529699,0.7212919253538248,-17.229323041914665,-14.55668830491103,1.02789335672525,0.7212919253538248,602.6392133831978,4.899505615234375,30.39523696899414,0.0,425.4910928400133,1.8097722712749122,1,0,0
143,Jonglei,2020-07-15,2020-11-15,1,very_high,33.19804376611617,7.721039974121377,-8.020500834050454,0.8242321388952952,-9.515385875744956,-6.559832713575733,-13.275586553211745,0.6981081925607273,-14.556112949154448,-12.019654872893732,0.8242321388952952,0.6981081925607273,669.665287014097,5.444433212280273,44.303916931152344,0.0,412.2569147740055,1.6142308395796763,1,0,0
144,Jonglei,2020-07-15,2020-11-15,1,very_high,32.81346385650609,7.903039384298662,-8.85209034684288,1.4190421323689257,-10.846796244913742,-6.124417879337857,-14.360536477326125,1.0077320052557364,-16.12185763807876,-12.474551059232247,1.4190421323689257,1.0077320052557364,703.1757750064135,5.716876029968262,33.24932861328125,0.0,408.5205457283496,1.3586992733166292,1,0,0
145,Jonglei,2020-07-15,2020-11-15,1,very_high,33.2203990083941,6.1876649279677265,-8.133524825271893,0.6949671538257111,-9.368848526852554,-6.772297215662091,-13.287821100486912,0.8358496822002942,-14.827275121668245,-11.548064584416101,0.6949671538257111,0.8358496822002942,703.2372621670365,5.717376232147217,40.60803985595703,0.0,424.77061599826766,2.0906958194468444,1,0,0
146,Jonglei,2020-07-15,2020-11-15,1,very_high,33.254083401094974,6.269138899041875,-6.470389017025057,1.1866317305512717,-8.786334284011343,-4.584276026655163,-13.779552679731717,1.1204657256068191,-15.721702877724157,-11.749021994264503,1.1866317305512717,1.1204657256068191,707.9911106452346,5.756025314331055,50.27766799926758,0.0,424.921208867555,1.780333036354577,1,0,0
147,Unity,2020-07-15,2020-11-15,1,very_high,29.59993679309007,9.233498709035167,-8.413896917700802,0.8424925843894155,-10.097780130758707,-6.871630990076852,-13.472434017908926,0.8885048511715752,-15.14515764631258,-11.805112306141407,0.8424925843894155,0.8885048511715752,508.40280040353537,4.133356094360352,26.3292818069458,0.0,396.62573631187814,2.55063793857386,0,1,0
148,Unity,2020-07-15,2020-11-15,1,very_high,30.34324016708735,9.596614416002044,-8.297331704091881,1.3335034725506139,-10.968804596853,-6.457137155476142,-14.382187201761576,1.6000033651049792,-17.683177070042426,-12.300652175633733,1.3335034725506139,1.6000033651049792,535.3040215466172,4.352065086364746,32.6926155090332,0.0,399.0994916452616,2.3107396587652764,0,1,0
149,Unity,2020-07-15,2020-11-15,1,very_high,30.29189502345675,7.627456412967835,-6.875222522762686,1.206570197692085,-8.855942038628774,-4.640335430009196,-21.541633786512502,2.98334188260425,-26.732927828256198,-16.442675496043762,1.206570197692085,2.98334188260425,470.25693063484505,3.8232271671295166,30.888996124267578,0.0,402.29433118612377,1.7326307936178882,0,1,0
150,Unity,2020-07-15,2020-11-15,1,very_high,29.686010319450066,8.64249649370176,-9.850441247221115,1.173875476327232,-12.029516061049529,-7.589678412899279,-14.440444989110173,0.986928509693434,-16.22327215318514,-12.495707434924567,1.173875476327232,0.986928509693434,493.0751788187772,4.00874137878418,28.249305725097656,0.0,392.31526143160346,2.8191019253718927,0,1,0
151,Unity,2020-07-15,2020-11-15,1,very_high,30.657530276281786,7.988817522629202,-7.428606119418151,1.1267183438969361,-9.736550443219791,-5.4993978705333415,-16.114069741130354,1.1641018563797332,-18.417649113471043,-14.091984020898614,1.1267183438969361,1.1641018563797332,500.55289128422737,4.069535732269287,39.586761474609375,0.0,402.87973050716437,1.2361931129994006,0,1,0
152,Unity,2020-07-15,2020-11-15,1,very_high,29.571885995441505,8.78977568639008,-7.968220398375056,0.8980743394605476,-9.657818965972774,-6.232261697122473,-13.077514753655944,0.8601744529100057,-14.78826554051823,-11.499150879171367,0.8980743394605476,0.8601744529100057,500.76351353526115,4.0712480545043945,27.894485473632812,0.0,391.1037858978556,2.5896219592828778,0,1,0
153,Unity,2020-07-15,2020-11-15,1,very_high,31.000388022032404,9.415007809322235,-6.589224276373966,1.3690434849538695,-8.806353775720893,-4.829592451376182,-15.251178524570596,0.9140396492870634,-16.69015547768675,-14.001301859524048,1.3690434849538695,0.9140396492870634,524.7671046573669,4.266399383544922,24.735252380371094,0.0,402.0292679650777,1.9089796416183602,0,1,0
154,Unity,2020-07-15,2020-11-15,1,very_high,31.433792689191428,8.105739930199956,-8.864083732814397,0.8841489532103166,-10.457485115153316,-7.127280691609468,-14.242401706376606,0.8055923892061185,-15.596453740006897,-12.54670921207604,0.8841489532103166,0.8055923892061185,520.6538488417864,4.2329583168029785,25.469783782958984,0.0,407.76598191980713,2.49768690536329,0,1,0
155,Unity,2020-07-15,2020-11-15,1,very_high,30.757681709374655,7.818089318674966,-7.36493910789506,1.0889295463435082,-9.413849963185765,-5.4547877106700495,-15.17889766045379,0.999136472925355,-17.071670935548035,-13.415424415068484,1.0889295463435082,0.999136472925355,505.0865998528898,4.106395244598389,34.73811340332031,0.0,406.5914200411869,1.3065836906935342,0,1,0
156,Unity,2020-07-15,2020-11-15,1,very_high,30.363612657674135,9.050194024569773,-7.576896557476139,1.2419804530808722,-10.354291152527582,-5.265058552922978,-12.21978752366396,1.5246708299270544,-15.09929415708649,-9.558086795417147,1.2419804530808722,1.5246708299270544,435.228012956265,3.5384390883975554,28.210825178358288,0.0,398.694661210293,1.6176011126403134,0,1,0
157,Upper_Nile,2020-07-15,2020-11-15,1,very_high,31.258385667230566,9.452508288896878,-8.740661000531734,1.3379019628405304,-10.594522829836627,-6.9897665318192255,-14.53610618057337,1.0901780206949552,-16.11186109678956,-12.953022337684528,1.3379019628405304,1.0901780206949552,489.82244885930174,3.9822961489359536,27.01020685831706,0.0,400.38912467318477,2.043439391021514,0,0,1
158,Upper_Nile,2020-07-15,2020-11-15,1,very_high,33.8455928227079,9.991985904057515,-8.954377318087673,1.192997493258125,-11.148612572601145,-6.999652259969795,-14.316357693694906,1.6910161636540182,-17.224492625770417,-10.897959350362406,1.192997493258125,1.6910161636540182,574.9529020786285,4.674413681030273,24.850061416625977,0.0,489.1299071644711,1.7557640743632643,0,0,1
159,Upper_Nile,2020-07-15,2020-11-15,1,very_high,33.42541031505439,9.003709470220482,-7.33502240214975,1.1349892080427406,-9.481953149748955,-5.567078671651755,-12.572297291575651,0.9867567165244627,-14.444341598452318,-10.823408039737862,1.1349892080427406,0.9867567165244627,543.1214632093906,4.415621757507324,40.528953552246094,0.0,403.42795405844015,1.3422978580354477,0,0,1
160,Upper_Nile,2020-07-15,2020-11-15,1,very_high,33.335467738072296,8.853411556944716,-8.72028598659313,2.9386689472969096,-13.67128977563779,-4.852587326696699,-15.500799425738004,1.11777429315145,-17.62303690681371,-13.457227319892008,2.9386689472969096,1.11777429315145,568.9893802329898,4.625929832458496,41.34326171875,0.0,403.97417902482977,1.6890133697172434,0,0,1
161,Upper_Nile,2020-07-15,2020-11-15,1,very_high,33.674224637336195,9.656582115468451,-8.392572798349256,1.0576045310734703,-10.119863827192884,-6.341696490315963,-13.75631755698938,1.3800030184089167,-15.851596559223163,-11.188850345715558,1.0576045310734703,1.3800030184089167,517.8614174458717,4.21025546391805,23.6931095123291,0.0,435.57722853346087,2.12016209250152,0,0,1
162,Upper_Nile,2020-07-15,2020-11-15,1,very_high,32.66451986587754,10.031215297457234,-8.229469848623378,0.9756754967536674,-10.104811488440735,-6.3026240466158185,-13.734710520686995,1.0192846828896969,-15.645201641768015,-11.722852800621299,0.9756754967536674,1.0192846828896969,472.21604935172945,3.8391549587249756,21.959636688232422,1.0,393.7126742434737,1.8078139056378506,0,0,1
163,Upper_Nile,2020-07-15,2020-11-15,1,very_high,33.53398314691779,9.272402776657463,-7.332941205737354,0.8003584405257358,-8.92408172528353,-5.968249077392519,-12.571630837058247,0.8593280670597735,-14.270034054357167,-11.17421694907512,0.8003584405257358,0.8593280670597735,518.2539840340614,4.213447093963623,33.598323822021484,0.0,415.50626170149883,2.007870397870944,0,0,1
164,Upper_Nile,2020-07-15,2020-11-15,1,very_high,31.816757616948777,10.178800421875085,-9.576706812037632,1.2079298008506807,-11.259834065182286,-7.926387172282228,-14.942878902911906,0.9961287271472108,-16.374549681202033,-13.540383714711627,1.2079298008506807,0.9961287271472108,439.60187365394086,3.5739989280700684,23.214582443237305,0.24827586206896596,398.04144721265516,1.566670749870302,0,0,1
165,Upper_Nile,2020-07-15,2020-11-15,1,very_high,33.200522487681205,10.840061900276458,-9.859506319456596,0.9165470708192891,-11.431678736384644,-8.06820210323447,-15.362791957313929,1.1010427877539202,-17.067843309933004,-13.189451204971766,0.9165470708192891,1.1010427877539202,469.3348965216428,3.8157308101654053,17.660240173339844,0.0,414.7441228124917,1.987822479002401,0,0,1
166,Upper_Nile,2020-07-15,2020-11-15,1,very_high,31.003631845734642,10.82631303548449,-10.37488365157314,1.2796553993681516,-12.381036665641824,-8.594364434804493,-15.983557677975947,1.3622727084055388,-18.14467513633029,-14.122147325434444,1.2796553993681516,1.3622727084055388,437.7667739048484,3.55907940864563,21.292043685913086,0.0,497.07848390159546,2.187646362981898,0,0,1
167,Unity,2020-05-01,2020-07-31,1,high,29.510039032195653,8.245012959580828,-8.563666108310494,1.3460425893001187,-11.050546596891115,-6.197349925541451,-13.933537368874736,1.231474806464615,-16.20409080395667,-11.660414342326126,1.3460425893001187,1.231474806464615,464.96060306206346,5.10945725440979,26.29703903198242,0.0,392.8714446141409,2.279389811855862,0,1,0
168,Unity,2020-05-01,2020-07-31,1,high,30.865131131960855,9.893808714532657,-11.847831035005818,2.1474318982902676,-14.238515242129575,-9.102825678705846,-18.05751487023979,2.7516970355068637,-21.308702168171166,-14.69831751739086,2.1474318982902676,2.7516970355068637,340.3022250626236,3.7395849227905273,21.599868774414062,0.0,407.24069785118365,2.3490137774000748,0,1,0
169,Unity,2020-05-01,2020-07-31,1,high,30.365003469079255,9.165965011306856,-10.061600544046808,1.2377561316499823,-13.064583391005195,-7.77301760024437,-15.573256954625192,1.0766375964347088,-18.230092756345613,-13.698053674608596,1.2377561316499823,1.0766375964347088,395.01271925990784,4.340799013773601,32.73900922139486,0.0,399.4897955526084,1.8681676653539725,0,1,0
170,Unity,2020-05-01,2020-07-31,1,high,30.30119614823256,9.930166846827271,-11.071794824035651,1.733052176994104,-13.792348825641735,-7.904284045889135,-18.44787783468077,1.934350956896921,-21.538508903310543,-14.98981095977374,1.733052176994104,1.934350956896921,387.59682827442884,4.259305953979492,24.705547332763672,0.0,410.05381165919295,2.7357336237867216,0,1,0
171,Unity,2020-05-01,2020-07-31,1,high,31.055274450263482,9.94201775697322,-10.873758648488984,1.504917492301684,-12.454748195515553,-8.920789625591825,-17.299503360341433,1.9097062848732929,-19.336778017228195,-14.835912997431388,1.504917492301684,1.9097062848732929,347.12995756044984,3.81461501121521,26.198240280151367,0.0,409.12169792341945,2.099355706681585,0,1,0
172,Unity,2020-05-01,2020-07-31,1,high,30.60854666460972,7.68140074917053,-14.746852106885486,1.5570987640261813,-17.23165442853055,-12.149970732745501,-20.775104267661526,1.3068709849652855,-22.74624326839367,-18.52136934496067,1.5570987640261813,1.3068709849652855,406.54601239832124,4.4675387144088745,28.643407821655273,29.81230053977382,404.711656800475,1.2650049388031153,0,1,0
173,Unity,2020-05-01,2020-07-31,1,high,30.176898078630884,8.808702741561849,-11.404165621278482,2.7883859712640486,-15.563161081636121,-5.297214263352015,-17.885094814464203,2.8393823480971214,-23.134707352483225,-12.538907772189438,2.7883859712640486,2.8393823480971214,408.93882656656206,4.493833065032959,27.092905044555664,0.0,397.11905616203643,1.3026684767065517,0,1,0
174,Unity,2020-05-01,2020-07-31,1,high,30.532054032721067,9.484466944151798,-7.779662974397294,1.222515337196971,-10.185542128780323,-5.983373654927962,-13.401369662060755,1.4180448138133013,-16.17499135752818,-11.391063934347276,1.222515337196971,1.4180448138133013,386.9740690141916,4.252462387084961,25.27651023864746,50.849673202614376,398.9186366627422,1.8925676973670669,0,1,0
175,Unity,2020-05-01,2020-07-31,1,high,31.088170929509975,8.619873575261646,-10.711954148872604,1.4664715819699867,-13.42801905625622,-8.624159081638712,-16.160753288610383,1.9528289413676916,-19.741789798812732,-13.450286705249635,1.4664715819699867,1.9528289413676916,463.0221866443753,5.088155746459961,26.73602294921875,0.0,401.39290458070104,1.4574883986207774,0,1,0
176,Unity,2020-05-01,2020-07-31,1,high,29.51794600222429,8.128092053956767,-9.697196963458893,1.2888697835975456,-12.215061589768057,-7.469842107873343,-15.342600675424809,1.5087518890153537,-18.156018605153672,-12.77890701331679,1.2888697835975456,1.5087518890153537,454.43098701164126,4.993747234344482,28.10990333557129,0.0,395.97984876464176,2.6009996315702875,0,1,0
177,Jonglei,2019-07-01,2019-10-15,1,high,33.49531125621558,7.92876440051374,-8.562425588128407,1.7121940982149202,-12.107125132461187,-5.86578409855797,-15.390260804300409,1.200349989407424,-17.77949069580031,-13.212691241094314,1.7121940982149202,1.200349989407424,695.4778451919556,6.561111927032471,40.87892532348633,0.5714285714285714,413.87574456607246,2.076085404184246,1,0,0
178,Jonglei,2019-07-01,2019-10-15,1,high,33.488746888822796,8.437982711412912,-7.618867423320586,2.206030668004932,-12.24714665891037,-5.013357810504655,-14.425710320482857,1.1962547757368542,-16.49843242855212,-11.947269929715983,2.206030668004932,1.1962547757368542,659.6591050624847,6.223198890686035,28.843849182128906,0.17142857142857146,409.6386250179574,1.738929827917663,1,0,0
179,Jonglei,2019-07-01,2019-10-15,1,high,32.21569980999158,6.477191243202266,-8.885145990145183,1.2454306483969937,-11.467375284525094,-6.983191206717162,-15.909569501163377,1.060549678226449,-17.85309415585465,-13.93297285810678,1.2454306483969937,1.060549678226449,611.2855296134949,5.766844749450684,34.93473434448242,0.0,428.2868687597521,1.7623111586312352,1,0,0
180,Jonglei,2019-07-01,2019-10-15,1,high,33.45965442552387,7.7933245053402525,-8.560408453341985,1.5021214962863036,-12.047680004129267,-6.131108126831017,-14.790110351229576,0.9556877698561133,-16.600262221154825,-12.880468660721755,1.5021214962863036,0.9556877698561133,732.9238198068406,6.914375517103407,40.02575344509548,0.0,414.57671572264286,1.9075820909335401,1,0,0
181,Jonglei,2019-07-01,2019-10-15,1,high,32.8430442366614,8.056180051165951,-7.6720007162787835,1.7010178687600999,-11.096203678852662,-5.233803567988497,-15.53870048597638,1.2968837016243429,-18.990444916605565,-13.412462639231968,1.7010178687600999,1.2968837016243429,696.1008038520813,6.566988945007324,34.7078857421875,0.0,406.7935040015818,1.5848405880940726,1,0,0
182,Jonglei,2019-07-01,2019-10-15,1,high,32.02726056195818,7.736506711013045,-6.572506803169324,1.2910090675229975,-9.388814408067272,-4.460701233547942,-15.334833683821701,0.9050151763573128,-17.098914388745424,-13.615292044972827,1.2910090675229975,0.9050151763573128,540.5685713291168,5.099703311920166,28.65842628479004,0.0,413.94511879758767,2.2115459020609376,1,0,0
183,Jonglei,2019-07-01,2019-10-15,1,high,33.46436216237522,7.433126624728782,-7.839107063112935,0.9380895684255397,-9.664179216650368,-6.178610143966927,-13.690480365805705,0.8649815837519392,-15.30552658934583,-12.038363431142184,0.9380895684255397,0.8649815837519392,676.4782712936401,6.381870269775391,33.466767120361325,0.0,416.92512748041133,1.6997719030264127,1,0,0
184,Jonglei,2019-07-01,2019-10-15,1,high,32.601185111066414,6.737700090826333,-9.24428669346972,1.1138270241595862,-11.655622510316828,-7.644594416228966,-15.702469004814672,0.8558541244176834,-17.419589013855372,-14.237553347232241,1.1138270241595862,0.8558541244176834,619.6787528726791,5.846025890774197,38.17513614230686,0.0,424.33241381797257,2.3017506474763647,1,0,0
185,Jonglei,2019-07-01,2019-10-15,1,high,32.40767880248442,7.720331349547351,-6.018482787098808,2.592483075338599,-12.52248365696837,-3.0689241500350555,-17.311307418258487,1.6928566879944353,-20.52225519198389,-14.095490273462225,2.592483075338599,1.6928566879944353,680.0613012313843,6.415672779083252,41.400062561035156,0.0,412.1172274841016,2.8190171943396822,1,0,0
186,Jonglei,2019-07-01,2019-10-15,1,high,33.1585809392842,6.2529258563546435,-11.164048020956319,1.6377996747140635,-13.276438993269192,-6.673599444136267,-15.70973526871454,1.4073401466242945,-17.783443524502168,-12.660555070699901,1.6377996747140635,1.4073401466242945,608.2562048435211,5.7382659912109375,53.887054443359375,0.0,423.636930433998,2.988902573225772,1,0,0
187,Unity,2019-07-01,2019-10-15,1,high,29.630139607685145,9.61676225948611,-7.780838757988213,1.0891932740547967,-9.279297908449452,-5.862374663001432,-14.0498661524099,0.8275158619619374,-15.338475340616323,-12.768006298907231,1.0891932740547967,0.8275158619619374,600.7087860107422,5.667064189910889,30.671916961669922,0.0,401.3816906954474,1.5712052850091331,0,1,0
188,Unity,2019-07-01,2019-10-15,1,high,30.98052028272458,8.574852588564358,-13.279563302125057,1.3289545222325596,-15.952482674821232,-10.90312143264803,-17.091390308919323,1.579734790497479,-20.28553336309277,-14.371990851061161,1.3289545222325596,1.579734790497479,555.3507921695709,5.239158630371094,23.53314781188965,0.625,401.76861733159774,1.4779599593348853,0,1,0
189,Unity,2019-07-01,2019-10-15,1,high,29.950474720134938,9.58778529681705,-8.37395301837919,0.77573201922922,-9.642521547649011,-7.222388551186834,-14.082605763705779,0.7827100261200032,-15.309772966554192,-12.872354352708918,0.77573201922922,0.7827100261200032,620.7277312278748,5.855922222137451,27.30550193786621,0.0,403.044302041474,1.8121342042646804,0,1,0
190,Unity,2019-07-01,2019-10-15,1,high,30.80990779151327,7.866126914719816,-8.617696817443537,1.4455208106462185,-11.792196008288846,-6.198513423701796,-16.968415546709934,1.3307963758578947,-19.82415799131632,-14.702785648602358,1.4455208106462185,1.3307963758578947,471.25422083006964,4.445794370439318,23.38137478298611,0.0,405.86998997432863,1.4442851180869036,0,1,0
191,Unity,2019-07-01,2019-10-15,1,high,29.58433212204484,9.555423046204488,-7.656507948156907,0.7240867305601778,-8.753090568008961,-6.481558592371398,-12.759653041448125,0.86091099473026,-13.980142545724279,-11.239650629870749,0.7240867305601778,0.86091099473026,588.0937309265137,5.548054218292236,24.709815979003906,0.0,398.9448208883078,1.3313148113720847,0,1,0
192,Unity,2019-07-01,2019-10-15,1,high,29.625166589267163,8.922673395993346,-9.058004758413862,1.0439771958127635,-11.07061738487255,-7.2723910429311065,-14.222970441774187,1.1702560251148686,-16.653678437071044,-12.297641392192174,1.0439771958127635,1.1702560251148686,594.0986948013306,5.604704856872559,23.723100662231445,0.0,393.0298598470243,2.993767214971218,0,1,0
193,Unity,2019-07-01,2019-10-15,1,high,30.778181217111438,9.626052766159125,-9.598248008823042,1.5186847616590977,-12.338235447673837,-7.682692954411201,-15.086459530201724,1.6181139024526756,-17.966255025806785,-13.023468824451951,1.5186847616590977,1.6181139024526756,571.0338549613953,5.387111663818359,33.5314826965332,0.0,404.3187462245789,2.4095172242728693,0,1,0
194,Unity,2019-07-01,2019-10-15,1,high,30.53694222494979,9.215288810499636,-7.683599746103871,1.9751219036457308,-11.863681308854327,-4.03350582383503,-13.434484907662323,2.0530622419536586,-17.277289105648727,-9.608579389094,1.9751219036457308,2.0530622419536586,576.5620560646057,5.43926477432251,24.95116424560547,17.581052631578995,400.8093766099949,1.899221185677058,0,1,0
195,Unity,2019-07-01,2019-10-15,1,high,30.836467987804195,9.930405676039193,-8.830475525246161,1.1840422026219128,-10.91239917932899,-7.160121454760436,-14.69410398997805,1.5746198767861856,-17.24088162505021,-12.602194858159738,1.1840422026219128,1.5746198767861856,586.0226612091064,5.528515815734863,33.0940055847168,0.0,409.4921873952173,1.9593890546553763,0,1,0
196,Unity,2019-07-01,2019-10-15,1,high,31.123727971780536,8.443872947617631,-8.617336537978593,0.9860454153333345,-10.33303800100784,-6.471471091996977,-13.487988360196452,1.0613217162505788,-15.274531626490308,-11.168269846519244,0.9860454153333345,1.0613217162505788,501.0005186796189,4.726420164108277,19.407410621643066,0.0,402.51183421326755,1.499821872323205,0,1,0
197,Upper_Nile,2019-05-15,2019-07-31,1,moderate,32.31303207599163,9.119635837667001,-7.8707488266375,1.2695367028693851,-9.647659263096278,-6.009761307419358,-15.84137689991284,1.2395804365463006,-17.65375700728534,-14.22391052130858,1.2695367028693851,1.2395804365463006,410.3691264092922,5.329469203948975,43.30982971191406,0.0,399.0075328132215,1.4816592309405252,0,0,1
198,Upper_Nile,2019-05-15,2019-07-31,1,moderate,33.094618643089845,10.75445136661374,-9.952862561090093,0.7227483201032322,-11.263509287747565,-8.774531915376425,-18.87023646338498,1.4818250317508581,-21.147386724217938,-16.493904780025826,0.7227483201032322,1.4818250317508581,388.15422858297825,5.040964126586914,34.786865234375,0.0,395.61766214077085,2.2503189995459314,0,0,1
199,Upper_Nile,2019-05-15,2019-07-31,1,moderate,32.62494873590131,8.593911751305297,-10.462872303652466,1.5926663745065333,-13.384503211212472,-8.213152410152832,-15.98067187753361,2.1654438633044832,-20.245091627626024,-13.528354205665897,1.5926663745065333,2.1654438633044832,449.4491434395313,5.837001800537109,30.04642105102539,0.0,405.47106447718596,1.6490551651783778,0,0,1
200,Upper_Nile,2019-05-15,2019-07-31,1,moderate,32.48127654888704,9.91411639384168,-8.440624281927452,1.594351624790698,-10.317621089100633,-6.246851648026912,-16.457127258899174,1.56694384476704,-18.683459832724132,-14.16934600017625,1.594351624790698,1.56694384476704,393.11938843131065,5.105446815490723,30.770526885986328,0.0,395.04720751815177,2.002744678887976,0,0,1
201,Upper_Nile,2019-05-15,2019-07-31,1,moderate,33.12284184794488,9.212410741857422,-10.268628120064427,1.264215715575308,-12.456128972133337,-8.439971442142326,-17.101916238489057,2.028310715646032,-20.359409319141285,-14.38997606114985,1.264215715575308,2.028310715646032,444.2825890779495,5.769903659820557,47.91761016845703,0.0,400.03564644745103,1.6717291999051207,0,0,1
202,Upper_Nile,2019-05-15,2019-07-31,1,moderate,32.76015398802895,9.749417061617285,-9.745432490254148,0.7266172570095928,-11.046565317766682,-8.593502914083816,-15.828691144826667,0.7566925821433538,-17.071647894998236,-14.607157767934202,0.7266172570095928,0.7566925821433538,382.99876084923744,4.974009990692139,29.034982681274414,1.394366197183099,395.5199649322127,1.853999664917774,0,0,1
203,Upper_Nile,2019-05-15,2019-07-31,1,moderate,32.226448260547706,9.802050584139723,-8.258218803298764,1.0040595331460818,-9.587009748625649,-6.871510083508719,-14.576503086484701,1.1409328559730298,-15.964905464474894,-12.783350448885628,1.0040595331460818,1.1409328559730298,423.1090945750475,5.494923114776611,36.00399398803711,0.0,396.43152075711345,1.7014236475448885,0,0,1
204,Upper_Nile,2019-05-15,2019-07-31,1,moderate,32.49609959154995,8.654307804873664,-7.55309806179469,1.024770076631333,-9.537614649437714,-5.584773300897502,-12.875391425694453,1.1102003314379003,-14.838456336704827,-10.654980458871458,1.024770076631333,1.1102003314379003,507.07457196712494,6.585383892059326,34.01727294921875,0.0,403.501864424272,1.6486131674626383,0,0,1
205,Upper_Nile,2019-05-15,2019-07-31,1,moderate,31.86356434782738,9.838328525764023,-9.426638422500586,0.7658810160912787,-10.53302979578372,-8.39639449423033,-15.24758539979713,0.7843928063049411,-16.39460223519265,-14.219441176540597,0.7658810160912787,0.7843928063049411,418.0133791640401,5.428745269775391,30.199542999267578,0.0,397.13795077275336,1.568362370559612,0,0,1
206,Upper_Nile,2019-05-15,2019-07-31,1,moderate,31.944340122177387,10.715016389141994,-10.201882185121177,1.483646778911493,-11.898809105782135,-8.072276613162403,-15.762931309662184,1.8608616189943925,-17.897730837446353,-12.754848700326596,1.483646778911493,1.8608616189943925,281.2921479344368,3.6531448364257812,27.92745590209961,0.0,407.13660383416527,1.5569288132945551,0,0,1
207,Jonglei,2024-01-01,2024-03-31,0,none,32.92836339380296,7.395994680746827,-11.818625711828776,1.1853126812583326,-13.830041570508348,-10.349759272476074,-18.160209143406192,2.774678861144318,-23.29575485323047,-15.556558304945865,1.1853126812583326,2.774678861144318,20.63016986846924,0.22922411561012268,7.524631023406982,0.8064516129032258,414.75472564268773,1.650425794289937,1,0,0
208,Jonglei,2024-01-01,2024-03-31,0,none,32.15773333688936,8.485960511792685,-9.417406427128746,0.517988239952962,-10.183000454713598,-8.670636581981224,-14.996636684031508,0.6847727276951098,-16.011857169416306,-14.027220988798073,0.517988239952962,0.6847727276951098,3.4776778322023647,0.03864086432925736,2.2617850229144096,0.0,403.0029985142092,2.434312555585236,1,0,0
209,Jonglei,2024-01-01,2024-03-31,0,none,32.11058150519306,8.496236939329146,-11.536137729761265,0.6282554814181741,-12.459018713433995,-10.64735672884357,-17.818379913754942,0.8061564955649994,-18.98593665600904,-16.666155434098073,0.6282554814181741,0.8061564955649994,5.697584733366966,0.06330649554729462,3.607039451599121,0.0,404.4665350001123,2.125915260332278,1,0,0
210,Jonglei,2024-01-01,2024-03-31,0,none,32.571336459721614,6.440729772150381,-13.084133548572261,0.758018531785942,-14.261196669427632,-11.949945338067435,-19.789804084606526,1.331710320658119,-21.70782799345449,-17.677926554268428,0.758018531785942,1.331710320658119,27.69695734977722,0.30774396657943726,8.26154613494873,1.2307692307692308,427.9368677871928,2.413331687355521,1,0,0
211,Jonglei,2024-01-01,2024-03-31,0,none,32.344921725786726,6.5880902993903465,-14.85024456771462,0.8177621907270323,-15.86749016956237,-13.312029978645045,-22.988278646355553,1.9675837741866504,-24.853192315434196,-18.627732711760952,0.8177621907270323,1.9675837741866504,15.12070107460022,0.16800779104232788,9.182498931884766,0.0,426.55615621843856,1.5088915859232566,1,0,0
212,Jonglei,2024-01-01,2024-03-31,0,none,33.014416897178684,6.083782551743642,-12.845012661933492,0.758516101765788,-13.874195676340559,-11.467542068406226,-21.03032592150669,3.1265940721140075,-26.10498727756125,-17.18893441657939,0.758516101765788,3.1265940721140075,42.86578722794851,0.47628653049469,25.387805938720703,0.0,430.81762303405014,2.769328814253364,1,0,0
213,Jonglei,2024-01-01,2024-03-31,0,none,32.86347786934003,6.5636052149607735,-12.487969017305552,0.7055501284086003,-13.598458940547175,-11.427340859382443,-19.598788573284427,1.7244624722020154,-22.063417367335845,-17.094888895289184,0.7055501284086003,1.7244624722020154,35.48927688598633,0.39432528614997864,16.34209442138672,0.0,422.4875816168246,2.0253969328153767,1,0,0
214,Jonglei,2024-01-01,2024-03-31,0,none,32.799477596024964,8.13259468520085,-15.586474938964534,1.0136175866663728,-16.807671863181945,-13.544353205800265,-24.117504854458517,2.8904172848419987,-26.870589390266232,-17.663657326053375,1.0136175866663728,2.8904172848419987,12.933073997497559,0.14370082318782806,12.933073997497559,0.0,405.0814328588888,1.487930326774715,1,0,0
215,Unity,2024-01-01,2024-03-31,0,none,29.7158899901797,9.259532671451353,-21.23288343030383,2.2332646012220825,-24.989541032911195,-18.048497813277894,-27.583188063945208,1.7682702714420948,-30.561079325486578,-25.0683175853374,2.2332646012220825,1.7682702714420948,0.0030381022952497005,3.3756692573660985e-05,0.0030381022952497005,7.994391025641031,396.49362348314145,1.9478676141857756,0,1,0
216,Unity,2024-01-01,2024-03-31,0,none,29.534618517735627,8.782017578043579,-9.588712199986405,0.7803601161092111,-10.856514460673058,-8.405881182237424,-15.67716353550903,0.872080238711878,-17.0832019989446,-14.295406702564756,0.7803601161092111,0.872080238711878,0.2660198211669922,0.002955775707960129,0.2660198211669922,0.0,391.2721604442631,3.0566876079586547,0,1,0
217,Unity,2024-01-01,2024-03-31,0,none,30.201890814000162,8.132719731938067,-8.645220304785765,1.1199529366766519,-10.614019743692749,-6.6469656429215425,-15.039471327781897,1.3401213178693676,-17.451204888074273,-12.819560266391306,1.1199529366766519,1.3401213178693676,0.07518646866083145,0.0008354051969945431,0.07518646866083145,0.0,397.0659463102325,2.1187504682055636,0,1,0
218,Unity,2024-01-01,2024-03-31,0,none,29.751840459070777,9.02737583271744,-14.680678845240546,0.9823583967320444,-16.241467655804758,-13.138335359709906,-21.8251853483842,1.2945081820622388,-23.881082313860077,-19.80414800429198,0.9823583967320444,1.2945081820622388,3.8921987728940115,0.04324665375881725,3.847003989749484,0.0,395.04108882932496,1.8162240591064995,0,1,0
219,Unity,2024-01-01,2024-03-31,0,none,29.932362482572728,7.924000063194709,-10.468152575887286,1.0533436322554717,-11.931283242679692,-8.47861824529442,-15.961374497861199,0.9143930446070397,-17.410773509297336,-14.562571971778997,1.0533436322554717,0.9143930446070397,9.60981784760952,0.10677575320005417,5.576104640960693,0.0,396.61609727591457,2.1557082944432144,0,1,0
220,Unity,2024-01-01,2024-03-31,0,none,30.501763645148074,8.18790750438014,-6.589901251292673,1.1913048319701005,-8.349113885648011,-4.944265343304491,-14.52369177946559,0.7868612129106987,-15.680781565080697,-13.418873197287303,1.1913048319701005,0.7868612129106987,7.0168131329119205,0.07796458899974823,4.211915969848633,0.0,400.9941016863876,1.5514873399818188,0,1,0
221,Unity,2024-01-01,2024-03-31,0,none,29.571468573997517,9.001459388509836,-10.65000045530906,0.9013467533815174,-12.02500244725506,-9.145692485527201,-17.01665593972152,0.9799083247530003,-18.63188735263283,-15.508765748271694,0.9013467533815174,0.9799083247530003,0.0,0.0,0.0,0.0,391.36840147032444,2.3638932339939265,0,1,0
222,Unity,2024-01-01,2024-03-31,0,none,29.97529126396165,8.472058710994139,-10.692185909991155,1.1315586671599884,-12.32497187233427,-8.802112519920612,-16.773097236565626,1.1681742588462292,-18.62337249663052,-14.964924440329813,1.1315586671599884,1.1681742588462292,2.326496124267578,0.025849957019090652,2.326496124267578,0.0,395.7759776260441,1.8029263696108015,0,1,0
223,Upper_Nile,2024-01-01,2024-03-31,0,none,31.687654385607047,8.864897373429807,-13.221982938826361,0.6030985887242031,-14.099241810760649,-12.351635183646856,-20.389794257599892,2.509148310405967,-23.657235048858826,-16.811101737894898,0.6030985887242031,2.509148310405967,0.018006974831223488,0.00020007749844808131,0.018006974831223488,0.0,401.7777468868689,2.477211065314851,0,0,1
224,Upper_Nile,2024-01-01,2024-03-31,0,none,33.450845421774055,10.837959620940563,-11.597048646682142,0.5411645882338093,-12.436073265588863,-10.79405794265883,-17.711942237063305,0.6651095513996753,-18.789131148908435,-16.736311836703152,0.5411645882338093,0.6651095513996753,5.257806492409145e-07,5.842007322343079e-09,2.6289032462045725e-07,0.0,462.733395742784,2.1547748109046316,0,0,1
225,Upper_Nile,2024-01-01,2024-03-31,0,none,33.784376856787404,8.922521036460882,-8.735422439099626,0.8259255573473943,-9.803385128044233,-7.218917758560918,-14.317481331055168,1.061409651936568,-15.561927375325988,-12.201251752983739,0.8259255573473943,1.061409651936568,9.977815091609955,0.11086460947990417,9.766121864318848,0.0,424.81729238688393,1.5934708784236795,0,0,1
226,Upper_Nile,2024-01-01,2024-03-31,0,none,32.596652555139514,9.378265691875221,-13.073918487100954,1.414327463038139,-14.936115828447964,-10.997121484553482,-20.90111733775807,3.2329712940512505,-24.797602053511955,-16.35435852046468,1.414327463038139,3.2329712940512505,1.0828027541265328e-07,1.2031141638502163e-09,7.218685027510219e-08,0.3191489361702133,397.81605602772754,2.700562365491431,0,0,1
227,Upper_Nile,2024-01-01,2024-03-31,0,none,32.82445714700618,8.975767290504642,-7.7799908891933915,1.624027808758152,-10.059747879506222,-5.212756182338045,-15.09434198771386,1.3754202102707533,-17.495713818173794,-13.432485073843356,1.624027808758152,1.3754202102707533,2.546769142150879,0.028297435492277145,2.546769142150879,0.0,400.43378176650685,1.759575444766417,0,0,1
228,Jonglei,2023-12-01,2024-02-28,0,none,32.743831256099426,8.486716198814701,-11.946417507042584,1.2426039896487493,-13.61289260338912,-9.878852344092472,-18.269427992291043,2.3143358794115185,-21.330733411460628,-15.193889413002163,1.2426039896487493,2.3143358794115185,0.385039210319519,0.00432628346607089,0.385039210319519,0.0,405.916592596583,1.4823902744626165,1,0,0
229,Jonglei,2023-12-01,2024-02-28,0,none,32.802837006614475,6.683467024998068,-12.75870393405692,1.5687202214918807,-14.42003140752454,-9.40602200618722,-20.29410012003824,3.192234940126402,-23.870529411132804,-14.384199057564127,1.5687202214918807,3.192234940126402,16.568689107894897,0.18616504967212677,5.148173809051514,0.0,424.2422230336139,2.404459225683868,1,0,0
230,Jonglei,2023-12-01,2024-02-28,0,none,33.125688968007736,6.13222114455808,-12.569827911141802,1.3763445701461139,-14.324125242175374,-10.0469987740324,-19.494068543268458,1.986591793102911,-22.278036107039554,-16.387109917396934,1.3763445701461139,1.986591793102911,28.251113772392273,0.31742823123931885,9.170814514160156,0.27999999999999997,429.1277667221702,2.149654314602075,1,0,0
231,Jonglei,2023-12-01,2024-02-28,0,none,32.0184690073507,8.441616397560924,-8.749460871455392,0.7289750293798637,-9.759748335301914,-7.625787737745459,-14.096200819127386,0.8191566308504722,-15.268247122898924,-12.891929243796975,0.7289750293798637,0.8191566308504722,0.4149664342403412,0.004662544000893831,0.4149664342403412,0.0,404.5119283847971,2.846104125919224,1,0,0
232,Jonglei,2023-12-01,2024-02-28,0,none,33.29514553155717,6.9351920021241105,-9.795157998695222,1.8370257432362502,-12.269106456442225,-7.177853420769635,-15.386655795157498,2.8063714750844513,-19.175137531711716,-11.711574568702082,1.8370257432362502,2.8063714750844513,14.390875339508057,0.1616952270269394,4.116168022155762,0.0,417.8945445371034,1.9633507246609916,1,0,0
233,Jonglei,2023-12-01,2024-02-28,0,none,33.19602695480078,6.5471760254703355,-10.490112086107539,1.3082870416851684,-12.692762254810244,-8.234667129077165,-16.1635838573936,1.9526956669891629,-20.153064851740655,-13.958736544651876,1.3082870416851684,1.9526956669891629,27.905181407928467,0.31354135274887085,8.799962997436523,0.0,421.4472985341792,2.4583283978235415,1,0,0
234,Jonglei,2023-12-01,2024-02-28,0,none,32.888070343910826,6.540064487821691,-9.67725013937548,0.8725414248613788,-10.899542370941898,-8.026951279665806,-14.78710155665949,1.0720013339463847,-16.333120620804046,-12.842504455200073,0.8725414248613788,1.0720013339463847,18.938319444656372,0.2127901017665863,11.064287185668945,0.0,422.7431553792043,3.667325657236853,1,0,0
235,Jonglei,2023-12-01,2024-02-28,0,none,32.72325412319218,8.152516499682479,-14.156578065695724,2.2447415102670596,-16.62563601309235,-9.187270187628723,-20.36780898269439,3.7938705100894734,-26.392175287954224,-15.1763360465625,2.2447415102670596,3.7938705100894734,0.0,0.0,0.0,0.0,405.33413153744897,1.498182399453471,1,0,0
236,Unity,2023-12-01,2024-02-28,0,none,30.87727490142907,8.68664214439198,-6.8569937299605925,0.7976854364443763,-7.949210527312353,-5.6188869245388995,-14.758135489318768,0.6448335436839013,-15.71631788059052,-13.817840364469644,0.7976854364443763,0.6448335436839013,0.4335292149335146,0.004871114622801542,0.4024592936038971,0.0,401.3497402352688,1.4064174900586273,0,1,0
237,Upper_Nile,2023-12-01,2024-02-28,0,none,33.27091166961987,10.415845518014597,-12.952351513565372,0.6826365973968428,-14.016004536701303,-11.90801700186862,-20.73264114545727,0.9187364137286302,-22.141604269031248,-19.241645455611906,0.6826365973968428,0.9187364137286302,2.3976940610737074e-07,2.6940383257567646e-09,2.3976940610737074e-07,0.0,416.01356490532646,1.8967292484382916,0,0,1
238,Upper_Nile,2023-12-01,2024-02-28,0,none,31.16500197671877,8.600224363857954,-9.018473920856657,0.8243176126032747,-10.155156063046384,-7.786093830317234,-14.424290449115418,0.7032599244838281,-15.44988287859034,-13.413323589958454,0.8243176126032747,0.7032599244838281,0.5387469753623009,0.006053336896002293,0.23920749127864838,1.1963470319634704,403.84738544934015,1.8504872671811041,0,0,1
239,Upper_Nile,2023-12-01,2024-02-28,0,none,33.779284063146214,10.046944499545281,-12.009867135793824,1.6677683202213869,-14.397182583845357,-9.164226465889811,-18.850243959818783,2.358500290849076,-22.502466179227024,-15.220410352375476,1.6677683202213869,2.358500290849076,0.0,0.0,0.0,0.0,463.57887069023343,1.6036383620305343,0,0,1
240,Upper_Nile,2023-12-01,2024-02-28,0,none,33.21743663135526,10.68145481464347,-11.245502952943786,0.6623635430734652,-12.207868763102462,-10.067542570148483,-18.333978939601444,0.819763709574537,-19.543369616291603,-16.955646892384358,0.6623635430734652,0.819763709574537,2.1502459901512339e-07,2.416006728012121e-09,2.1502459901512339e-07,0.0,420.02324430153396,1.891703388840417,0,0,1
241,Jonglei,2023-01-01,2023-03-31,0,none,33.157654750854086,7.3698280947787325,-10.56347760923241,1.9452011698859102,-13.026199945645432,-7.925491819454943,-16.970125024451708,3.050526941882626,-20.858198546861058,-13.151275504989448,1.9452011698859102,3.050526941882626,24.989469051361084,0.280780553817749,20.999267578125,0.0,413.4545053520466,1.8542148627089998,1,0,0
242,Jonglei,2023-01-01,2023-03-31,0,none,32.425444959515914,7.6614171960603885,-15.468593532935285,0.47219550993565673,-16.200653131897376,-14.758278440393108,-25.647082218035138,0.7160504537559305,-26.73082933046486,-24.56829096403076,0.47219550993565673,0.7160504537559305,31.898913383483887,0.35841476917266846,22.354707717895508,0.0,412.95268960367736,2.183606012385319,1,0,0
243,Jonglei,2023-01-01,2023-03-31,0,none,32.43871336030153,7.542169496938342,-13.121772675588613,0.7266106510607998,-14.083920415478342,-11.775383692563752,-22.17304491353041,2.134036330607801,-24.138918625765783,-17.504319112070572,0.7266106510607998,2.134036330607801,30.04703712463379,0.33760714530944824,21.65083885192871,0.0,414.8529524255199,1.8161833547762585,1,0,0
244,Jonglei,2023-01-01,2023-03-31,0,none,32.38473402647785,7.931745765399968,-12.970153555540975,0.5642509601239183,-13.789158521330634,-12.069675625945491,-21.6176026030864,1.1185117803062767,-23.22980298667883,-19.793405169285013,0.5642509601239183,1.1185117803062767,35.86781685692923,0.4030091847692217,17.47158568246024,0.0,411.230000584351,2.7193648982475844,1,0,0
245,Jonglei,2023-01-01,2023-03-31,0,none,33.375445909393584,6.278528073669946,-12.546507694805326,2.140909827076484,-14.770818552553477,-7.96273668057778,-21.616537025238188,3.067221373202912,-24.92528420841706,-17.467713731091067,2.140909827076484,3.067221373202912,60.505003043583464,0.6798314877918789,21.158318655831472,0.0,421.78277973013815,1.9316344729116532,1,0,0
246,Jonglei,2023-01-01,2023-03-31,0,none,32.14010027674869,8.488844106608482,-10.406098568149059,0.6956670742550105,-11.456437260294836,-9.359678774462536,-16.515271556065265,1.1482930097663688,-18.173251900334083,-14.718198968133297,0.6956670742550105,1.1482930097663688,7.44402715894911,0.08364075587855445,5.989440706041123,0.0,404.7122535002626,2.0123497149508482,1,0,0
247,Jonglei,2023-01-01,2023-03-31,0,none,33.08673464880842,7.482338596550651,-9.295072079552712,0.9327388923686591,-10.844502998087762,-8.035605809738383,-14.39201547041045,1.1726250985285709,-16.361837930943768,-12.935541540344069,0.9327388923686591,1.1726250985285709,25.625147342681885,0.28792300820350647,19.207672119140625,0.0,414.39642611250827,1.9083846317940865,1,0,0
248,Jonglei,2023-01-01,2023-03-31,0,none,33.30857880735015,7.422320964874055,-11.722700447090938,0.6129136235671178,-12.583012498837071,-10.741446109010306,-20.091954261027887,2.4850796283113286,-22.90588886702811,-16.335356056827695,0.6129136235671178,2.4850796283113286,24.675119400024414,0.2772485315799713,24.675119400024414,0.0,413.8409431525128,1.8748241475745362,1,0,0
249,Unity,2023-01-01,2023-03-31,0,none,29.932589333500584,9.438686783321332,-9.091698990799154,0.7933292225405354,-10.234509586333091,-7.887908714484816,-16.147995419492208,1.256556753070883,-18.097377436882446,-14.334907415197044,0.7933292225405354,1.256556753070883,6.504890203475952,0.07308865338563919,4.07807731628418,12.739348370927315,397.06513349927434,1.7171514767180058,0,1,0
250,Unity,2023-01-01,2023-03-31,0,none,29.637264968675545,7.891204268313784,-15.408999647647127,0.9100909476727719,-16.862178621466263,-14.164028505875649,-21.54995003678928,1.8255865475141815,-24.222462974202397,-18.94472971765189,0.9100909476727719,1.8255865475141815,20.10626757144928,0.2259131222963333,5.301357746124268,0.0,398.2343917889141,2.6395361283025682,0,1,0
251,Unity,2023-01-01,2023-03-31,0,none,30.862224602533164,9.459714724044831,-11.14866795908763,0.0,-11.14866795908763,-11.14866795908763,-16.595058652754307,0.0,-16.595058652754307,-16.595058652754307,0.0,0.0,5.403086185455322,0.06070883199572563,3.602057456970215,51.18077053440288,402.4144615205549,3.256106305676798,0,1,0
252,Unity,2023-01-01,2023-03-31,0,none,31.070268666886957,7.5062215960482055,-8.746765216708026,0.7157597204918524,-9.811695842243568,-7.686055702013565,-13.812494046062879,0.665367388064172,-14.804319150408302,-12.783712062774242,0.7157597204918524,0.665367388064172,17.30172872543335,0.19440144300460815,11.927105903625488,0.07500000000000002,412.2157545650082,1.693386816019723,0,1,0
253,Unity,2023-01-01,2023-03-31,0,none,30.19681488760531,8.62813582840622,-9.936992366577929,0.9055706896227981,-11.48442022188458,-8.207145331576525,-14.42053551702713,0.9373663613378098,-16.07966867722195,-12.743786446088244,0.9055706896227981,0.9373663613378098,7.313061714172363,0.08216923475265503,3.6565308570861816,0.0,397.16055826059653,1.7876792819012028,0,1,0
254,Unity,2023-01-01,2023-03-31,0,none,30.665452978300678,9.50476784619903,-12.780031297773567,0.0,-12.780031297773567,-12.780031297773567,-17.963047961543076,0.0,-17.963047961543076,-17.963047961543076,0.0,0.0,6.410496234893799,0.07202804833650589,6.410496234893799,0.0,400.7693168591636,2.241922627505903,0,1,0
255,Unity,2023-01-01,2023-03-31,0,none,29.966399898325278,8.738670548571,-8.766748821974891,1.1582275804660913,-10.477106285825167,-7.065967246962243,-13.485578787353672,1.193343410127084,-15.444934941611649,-11.911559457846195,1.1582275804660913,1.193343410127084,7.749282121658325,0.08707058429718018,5.1258015632629395,0.0,395.02241102428616,1.8854131808646224,0,1,0
256,Upper_Nile,2023-01-01,2023-03-31,0,none,33.831668464550106,8.77819751294629,-8.660663123606357,0.5540373328048029,-9.52094234272799,-7.83937821847809,-13.8639326519749,0.5965522128031436,-14.765247126557178,-12.942997062564967,0.5540373328048029,0.5965522128031436,9.020108222961426,0.10134953260421753,9.020108222961426,0.0,422.9121588890682,1.8990746578593487,0,0,1
257,Upper_Nile,2023-01-01,2023-03-31,0,none,31.309880164278727,8.880978606427764,-11.496946654646912,1.0807185983948708,-13.139425007907118,-9.793016756066772,-18.871386550560214,1.1063682255678968,-20.638407018738484,-17.27483766819043,1.0807185983948708,1.1063682255678968,5.582553863525391,0.06272532790899277,5.582553863525391,0.0,404.1101824117086,1.8022986505044751,0,0,1
258,Upper_Nile,2023-01-01,2023-03-31,0,none,31.57889898284939,9.179845613582838,-10.523913623958705,0.0,-10.523913623958705,-10.523913623958705,-16.618868797967377,0.0,-16.618868797967377,-16.618868797967377,0.0,0.0,6.095211982727051,0.06848552823066711,4.063474655151367,0.0,403.40278499614703,1.9269701776518888,0,0,1
259,Upper_Nile,2023-01-01,2023-03-31,0,none,32.80071480169592,8.930010101333481,-11.960139216034124,0.9835646889955081,-13.620323852166527,-10.622309362277049,-16.363361305335484,0.7490163839699301,-17.51279524174802,-15.25547747074583,0.9835646889955081,0.7490163839699301,0.0,0.0,0.0,0.0,400.04498296269725,1.6229016240531178,0,0,1
260,Upper_Nile,2023-01-01,2023-03-31,0,none,33.61870760886276,8.565184485077937,-11.000231409015221,2.0542369854861744,-13.928279314011657,-8.050581183343876,-16.08222248600422,2.7941668570083147,-20.116209304712676,-12.033185874156935,2.0542369854861744,2.7941668570083147,6.451292991638184,0.07248643785715103,6.451292991638184,0.0,411.3881102719101,2.066592744560321,0,0,1
261,Upper_Nile,2023-01-01,2023-03-31,0,none,33.25364582464167,8.93004036251144,-8.55140591430942,1.3717830626929723,-10.617150380877138,-6.647580999203788,-13.449351921447263,1.3852376960313357,-15.58956793163007,-11.578081542188464,1.3717830626929723,1.3852376960313357,8.624335050582886,0.09690263867378235,5.110320568084717,0.0,402.1436962506615,1.738694291405933,0,0,1
262,Jonglei,2022-12-01,2023-02-28,0,none,32.42836308054205,6.264593991653482,-13.776745900752973,0.7529379362282556,-14.890287863624007,-12.611474344632663,-21.294771735641735,1.8001729919417122,-23.73724427007121,-18.46146610717734,0.7529379362282556,1.8001729919417122,18.840859711170197,0.21169505082070825,7.720007479190826,1.0,431.24783664040837,2.481741040290505,1,0,0
263,Jonglei,2022-12-01,2023-02-28,0,none,32.502227319646515,8.37036437391461,-12.675567819788533,0.9072055631305426,-14.042603988597323,-11.344126093142272,-18.71540077739522,2.379435188390662,-22.262796912146467,-15.950923555125327,0.9072055631305426,2.379435188390662,0.0,0.0,0.0,0.0,405.4475040865081,1.8656078880501108,1,0,0
264,Jonglei,2022-12-01,2023-02-28,0,none,32.22333727715153,7.919837823968443,-13.909433074090595,1.0393373658465546,-15.771255971011026,-12.221751513202479,-20.726341788374558,2.2889250222062048,-24.356194260915096,-17.328400791499227,1.0393373658465546,2.2889250222062048,2.6163947582244873,0.029397694393992424,2.6163947582244873,0.0,410.71526831834035,2.5620535224308107,1,0,0
265,Jonglei,2022-12-01,2023-02-28,0,none,33.4741706102624,7.6785548417160605,-8.373486782907658,0.9225002553380747,-9.843713847832507,-7.01059806977772,-13.717307606005484,0.9252782842604199,-15.354766731840432,-12.574139435370329,0.9225002553380747,0.9252782842604199,10.633183717727661,0.11947397142648697,7.45262336730957,0.0,416.1144694823008,2.1502180695863493,1,0,0
266,Jonglei,2022-12-01,2023-02-28,0,none,32.23300590982349,7.406397766242361,-12.16261001018597,1.1044179633413294,-14.309381254647247,-10.348923168823825,-18.541039561340057,2.4305806135975736,-22.634409655610522,-15.257631432281727,1.1044179633413294,2.4305806135975736,0.0,0.0,0.0,0.0,416.56542617587104,2.0994336812419583,1,0,0
267,Jonglei,2022-12-01,2023-02-28,0,none,33.39784563506642,7.58468926101671,-9.559580109632655,1.0574807655037446,-10.92391060787572,-7.608543599753257,-14.381907318702574,0.7624462003648852,-15.525156874321814,-13.273047574677113,1.0574807655037446,0.7624462003648852,8.210843801498413,0.09225667268037796,6.886873722076416,0.0,414.93886319464417,1.9466187828980657,1,0,0
268,Jonglei,2022-12-01,2023-02-28,0,none,33.4209566547861,8.32824474524835,-10.235307355928592,1.326960812730903,-11.992611031011005,-7.953226454251272,-16.114211001483437,1.7527034450114503,-18.846952870890203,-13.491575859765987,1.326960812730903,1.7527034450114503,0.0,0.0,0.0,0.0,408.2503076135475,1.6137549729200364,1,0,0
269,Jonglei,2022-12-01,2023-02-28,0,none,32.241039673164536,8.016336519966988,-12.110123514988702,1.045977709714918,-14.038428107538191,-10.350623464900524,-18.372218380993502,1.9933366388344074,-22.111772161102483,-15.546399292630324,1.045977709714918,1.9933366388344074,2.40061092376709,0.02697315625846386,2.40061092376709,0.0,408.60744492481405,2.5287470166314323,1,0,0
270,Unity,2022-12-01,2023-02-28,0,none,29.521590957712156,8.735551009137922,-8.894255052121672,0.7262296145999562,-10.084088905394873,-7.814393711282811,-14.550486132850297,0.7445132420301489,-15.753741420732052,-13.408581244679599,0.7262296145999562,0.7445132420301489,0.0,0.0,0.0,0.0,391.53215264600425,3.289754819252827,0,1,0
271,Unity,2022-12-01,2023-02-28,0,none,29.59234987495309,8.002129916112402,-11.359515111265555,1.4290299962715634,-13.951950515024254,-9.32888974183937,-15.566686689733261,1.8071771081197994,-19.490828889501394,-13.56910641064326,1.4290299962715634,1.8071771081197994,0.0,0.0,0.0,0.0,396.6646351329489,3.0478611218594542,0,1,0
272,Unity,2022-12-01,2023-02-28,0,none,31.33706480827474,8.941722235392014,-7.4866450930943005,0.6387711138872599,-8.457033995608114,-6.494992256645993,-13.857789587958367,0.6412199052772919,-14.834596980204166,-12.881167534569004,0.6387711138872599,0.6412199052772919,0.0,0.0,0.0,0.0,404.32357095138394,2.0275528244299568,0,1,0
273,Unity,2022-12-01,2023-02-28,0,none,29.907741380190735,8.441041399893411,-8.96306160823741,0.7680468433649412,-10.119803656412273,-7.7167714619486,-14.294435136423878,0.7515913153611802,-15.48184022847348,-13.113827056313346,0.7680468433649412,0.7515913153611802,0.0,0.0,0.0,0.0,393.72183013226334,1.8677183302656293,0,1,0
274,Unity,2022-12-01,2023-02-28,0,none,29.90118407520495,9.47957992576128,-14.349084235519195,1.1324803160482415,-16.11748260653026,-12.56369166773918,-20.553764221539517,1.1281940666952344,-22.27744772944931,-18.80744512098539,1.1324803160482415,1.1281940666952344,0.0,0.0,0.0,0.0,400.217337976848,1.9321159637198881,0,1,0
275,Unity,2022-12-01,2023-02-28,0,none,30.01585217412178,8.679592593156745,-7.798477783171986,0.838313790144372,-9.139060448373169,-6.539603138016572,-12.85205046169296,0.8056788628738607,-14.137235384853172,-11.635175581928777,0.838313790144372,0.8056788628738607,0.0,0.0,0.0,0.0,393.98976185776087,1.8205014262220396,0,1,0
276,Unity,2022-12-01,2023-02-28,0,none,30.118880915702448,7.891355965960179,-20.715800573092196,1.9924705599089607,-23.964397950348886,-16.96550882677149,-25.240655019421837,1.2311494963302605,-27.25414604945562,-23.11463071697719,1.9924705599089607,1.2311494963302605,0.0,0.0,0.0,0.375,399.01285687955436,1.8059717461223825,0,1,0
277,Upper_Nile,2022-12-01,2023-02-28,0,none,32.506281349301666,9.320489098837964,-7.435192185703184,1.178082701646871,-9.200114542072688,-5.584892887646804,-19.58290698663302,1.118598195625468,-21.205994568510132,-17.778166321393588,1.178082701646871,1.118598195625468,0.0,0.0,0.0,2.0253164556962022,397.43217739082127,2.025556474990423,0,0,1
278,Upper_Nile,2022-12-01,2023-02-28,0,none,31.23896113559127,9.457124129809692,-12.377916289985711,0.0,-12.377916289985711,-12.377916289985711,-18.143067147394717,0.0,-18.143067147394717,-18.143067147394717,0.0,0.0,0.0,0.0,0.0,0.0,399.91229719565933,2.0706786687506327,0,0,1
279,Upper_Nile,2022-12-01,2023-02-28,0,none,33.04621550513086,9.91053835727936,-12.92603030903406,0.8271774143107039,-14.078395602085862,-11.509801981477537,-20.06773622572026,1.119457226899407,-21.5789096141202,-18.19395756878618,0.8271774143107039,1.119457226899407,0.0,0.0,0.0,0.0,399.8521344939043,2.322607674803043,0,0,1
280,Upper_Nile,2022-12-01,2023-02-28,0,none,33.4236090562935,10.801333046621648,-11.700700801899153,0.5484334004476982,-12.543273913896678,-10.870876364647767,-17.63448608725709,0.7463083958102784,-18.890894586941098,-16.578626209657926,0.5484334004476982,0.7463083958102784,0.0,0.0,0.0,0.0,463.507242370879,2.294383516357032,0,0,1
281,Upper_Nile,2022-12-01,2023-02-28,0,none,31.774730454524242,8.802247792374914,-9.431585386797977,0.7344312886221401,-10.489789260719036,-8.24245612125918,-14.58139721575114,0.8455327732780236,-15.92176768983773,-13.322756581793868,0.7344312886221401,0.8455327732780236,0.0,0.0,0.0,0.0,406.4051801852308,2.1920098551510394,0,0,1
282,Upper_Nile,2022-12-01,2023-02-28,0,none,33.16229339274401,10.857711448899504,-12.571995759689974,0.5777448697168343,-13.443721180688652,-11.682331896899225,-18.906615533716497,0.6911626329458207,-19.983705847048856,-17.879683710327424,0.5777448697168343,0.6911626329458207,0.0,0.0,0.0,0.0,409.0273592811167,2.037078886892364,0,0,1
283,Upper_Nile,2022-12-01,2023-02-28,0,none,32.68671070082787,9.72679481925526,-7.64854152376766,0.761905247845325,-8.818891087393556,-6.543333152208507,-16.956290715146977,0.7730043695505235,-18.130200892737065,-15.782295599974402,0.761905247845325,0.7730043695505235,0.0,0.0,0.0,0.0,394.67867064512797,1.8151574503980972,0,0,1
284,Jonglei,2022-01-01,2022-03-31,0,none,32.28041626857803,6.090437762513186,-12.863995830000933,1.0518156433286177,-14.124503800561397,-10.640865549889986,-19.11873273215305,1.7331811623014493,-21.3084194443587,-15.608325426760103,1.0518156433286177,1.7331811623014493,32.96765756607056,0.3704231083393097,7.07314920425415,0.0,431.4008168975947,1.929995378118165,1,0,0
285,Jonglei,2022-01-01,2022-03-31,0,none,33.4982674031159,7.377206543840203,-13.044805572407075,0.7295694368153347,-14.14299417667166,-11.916011486707491,-21.032668931614005,1.7321629570648356,-23.64876686030202,-18.470683723458418,0.7295694368153347,1.7321629570648356,27.861095786094666,0.31304600834846497,5.270752906799316,0.0,418.50328141879737,1.9000737745871543,1,0,0
286,Jonglei,2022-01-01,2022-03-31,0,none,33.214719991464605,7.230631318247656,-10.325483359545226,1.2852375281141526,-12.165555233521324,-8.300594728127658,-15.667503567319152,1.8174637115198926,-18.464088275246688,-13.128229873794616,1.2852375281141526,1.8174637115198926,24.18802113003201,0.2717755238215128,5.816882928212484,0.0,413.7869090876345,1.9750112962547894,1,0,0
287,Jonglei,2022-01-01,2022-03-31,0,none,33.18425364894732,6.069664476379695,-12.780148121315664,0.8273630188384498,-13.855755159623287,-11.243236638089503,-22.29428058291856,2.415985403848472,-25.055257406654942,-18.52614144553353,0.8273630188384498,2.415985403848472,43.413474798202515,0.48779186606407166,20.87228775024414,0.0,429.73032764689975,2.2417648210471928,1,0,0
288,Jonglei,2022-01-01,2022-03-31,0,none,33.23072295013302,6.554403204343854,-13.949330100679155,0.7658320119986997,-15.02842266647593,-12.659585903335424,-22.63913640179121,1.0980718429520047,-24.29517032502807,-20.94607694192483,0.7658320119986997,1.0980718429520047,41.86824560165405,0.4704297184944153,13.037617683410645,0.0,421.23976463161694,2.527454594277004,1,0,0
289,Jonglei,2022-01-01,2022-03-31,0,none,32.50267476753811,7.424658922985128,-14.997824808393117,0.5352751647205646,-15.847975832464577,-14.162315866661535,-25.40900025427285,0.8160860357395686,-26.681083528517355,-24.07294830322561,0.5352751647205646,0.8160860357395686,11.116309404373169,0.12490235269069672,5.126534938812256,0.0,415.4432363345063,1.89383333139712,1,0,0
290,Jonglei,2022-01-01,2022-03-31,0,none,32.32175198554151,6.756009306981019,-14.214753634480251,0.6172171391367155,-15.148839878409953,-13.225406428092594,-23.778728699453293,1.0681810096511533,-25.423482542994055,-22.122068649652473,0.6172171391367155,1.0681810096511533,22.620814085006714,0.25416645407676697,5.963585376739502,0.0,424.16446277267016,1.7801309014271465,1,0,0
291,Jonglei,2022-01-01,2022-03-31,0,none,32.332794607923525,7.496690692711437,-16.131937083740972,0.7054736446962284,-17.224105410006832,-15.010239007823046,-24.03445896144039,1.1525807249928022,-25.81447559108198,-22.140104255415658,0.7054736446962284,1.1525807249928022,9.459372520446777,0.10628508776426315,4.7297773361206055,0.0,416.48850060073175,1.9828814952054628,1,0,0
292,Unity,2022-01-01,2022-03-31,0,none,29.734852093110053,7.528601173841678,-13.223214483122044,1.1707314338096204,-14.62160034822146,-10.625491874019843,-20.240457010212747,2.756380532949154,-23.005469036706078,-14.245512951438362,1.1707314338096204,2.756380532949154,7.0666532350911035,0.07940059734715356,3.469629844029744,0.0,403.270014398848,2.014518665336206,0,1,0
293,Unity,2022-01-01,2022-03-31,0,none,30.2589128700209,7.829693436412459,-14.271992837169604,1.2064408868388472,-16.42077333716962,-12.096812369549257,-21.467723215930086,1.7484862864874904,-24.782181376460812,-18.57029136737217,1.2064408868388472,1.7484862864874904,7.290069103240967,0.0819108858704567,4.046451091766357,0.0,400.28904676259015,2.226544435002822,0,1,0
294,Unity,2022-01-01,2022-03-31,0,none,31.272084184058603,7.7438226802921815,-14.28965254863419,0.9364190418888488,-15.691787943114834,-12.8523703146017,-21.359888877699294,1.0781822638458398,-22.943347895136576,-19.72129364085062,0.9364190418888488,1.0781822638458398,7.0740687400102615,0.07948391884565353,3.2532217502593994,0.0,412.6559909689083,1.762961628221048,0,1,0
295,Unity,2022-01-01,2022-03-31,0,none,30.06566592724577,9.165264549062524,-6.753363283596932,0.5535002621038988,-7.666462166346258,-5.913456234940717,-12.339852771984654,0.6200176014129694,-13.351960341452589,-11.421145400045114,0.5535002621038988,0.6200176014129694,0.05503291077911854,0.0006183473160490394,0.02896338514983654,0.0,397.0519625414462,2.3047540375545714,0,1,0
296,Unity,2022-01-01,2022-03-31,0,none,30.88791947044181,8.157654983627184,-9.9880495020049,1.1047998072426737,-11.689022756005675,-8.390576874899867,-17.909470320312884,1.2299898112854102,-19.862461426730217,-16.15894506292595,1.1047998072426737,1.2299898112854102,7.035882651805878,0.07905486226081848,3.321760416030884,3.0,402.18025679731164,1.4273028141590371,0,1,0
297,Upper_Nile,2022-01-01,2022-03-31,0,none,33.049751932842824,9.82859142636121,-10.681092569192659,0.5958601368951388,-11.624689671306832,-9.774199430165131,-16.323046349003896,0.7215796636772156,-17.4578181932106,-15.204808528576896,0.5958601368951388,0.7215796636772156,4.4001219272613525,0.04943957179784775,3.2788548469543457,0.0,401.3631749353798,1.8327054947344656,0,0,1
298,Upper_Nile,2022-01-01,2022-03-31,0,none,33.16205031353773,8.70197403957577,-12.092041969722747,1.810281868552161,-14.586955811152139,-9.573232583145895,-17.80970595027529,3.283697242864358,-22.691821747716048,-14.046390306523556,1.810281868552161,3.2836972428643567,0.016551978886127472,0.0001859772892203182,0.016551978886127472,2.5192307692307687,404.29113782072824,1.3240572991828805,0,0,1
299,Upper_Nile,2022-01-01,2022-03-31,0,none,33.98858606580963,9.676398807324924,-11.033013643268754,0.8908491724227192,-12.34983761870829,-9.63695817292868,-17.790423710151316,1.2522440262746524,-19.710851139621226,-15.942923704789726,0.8908491724227192,1.2522440262746524,2.501744270324707,0.028109485283493996,2.501744270324707,0.0,703.4072544562968,2.9656699389839076,0,0,1
300,Upper_Nile,2022-01-01,2022-03-31,0,none,33.97261979149931,9.945121758778356,-12.66234303319147,1.586508034948804,-14.928147773573325,-10.289619133471549,-18.52890527294359,2.338245777552898,-22.132250252512605,-15.224645952750988,1.586508034948804,2.338245777552898,0.0,0.0,0.0,2.066666666666667,483.67276637218794,1.4521920096843748,0,0,1
301,Jonglei,2021-12-01,2022-02-28,0,none,33.23475550446415,8.311645292361241,-13.210839020047949,1.7252120602741436,-15.899479774250288,-10.580633151132647,-17.609212378946165,1.9114717191033936,-20.797953297929865,-14.699306631040924,1.7252120602741436,1.9114717191033936,0.6221817253778378,0.00699080608562023,0.612657987823089,0.0,405.9804545924072,2.307324946813797,1,0,0
302,Jonglei,2021-12-01,2022-02-28,0,none,32.42935144770223,8.44805756932994,-10.617599405023345,2.0487018070749032,-14.101751611215615,-7.241818992799459,-17.642029458825277,4.263976010229473,-24.46248911782964,-11.970771996696536,2.0487018070749032,4.263976010229473,0.05541897192597389,0.0006226850673556328,0.05541897192597389,0.0,403.0537110690141,1.735993647829459,1,0,0
303,Jonglei,2021-12-01,2022-02-28,0,none,32.30222677865136,7.009558469785755,-13.05664303676671,2.1574496483455534,-15.07210243039816,-9.366578766109233,-21.731089487002432,3.0474668082886,-24.65694214609866,-16.652506816612917,2.1574496483455534,3.0474668082886,0.0,0.0,0.0,0.0,420.8789419867478,1.729782271184418,1,0,0
304,Jonglei,2021-12-01,2022-02-28,0,none,32.66674142680596,8.451621990573331,-9.539474552127517,1.1915387140004643,-11.437140221289349,-7.819774556461213,-14.706355559753861,1.4567756115936539,-17.1637358393324,-12.771739795252508,1.1915387140004643,1.4567756115936539,0.0,0.0,0.0,0.0,407.21025908084886,1.6691247733021575,1,0,0
305,Jonglei,2021-12-01,2022-02-28,0,none,32.56184588576129,6.961972213684675,-10.874142727464019,1.100262520758752,-12.473824687753156,-9.198094239767576,-17.143130879726417,2.1629891271538657,-20.733839594272997,-14.722153237284786,1.100262520758752,2.1629891271538657,1.6280385851860049,0.018292568996548655,0.8753346920013428,0.0,420.8846907562496,1.5417812434622196,1,0,0
306,Jonglei,2021-12-01,2022-02-28,0,none,32.43895267703215,6.005182596157169,-13.62172866518066,1.102079198140247,-15.134492725021182,-11.909121700023624,-21.730863561901966,2.2260673034811025,-24.46405889561795,-18.480369320390032,1.102079198140247,2.2260673034811025,19.426347613334656,0.2182735651731491,4.155173301696777,0.0,434.9524245857463,2.184424407330363,1,0,0
307,Jonglei,2021-12-01,2022-02-28,0,none,32.53332077994716,6.744910080335107,-12.947467969306262,1.4970736841145202,-14.85201703333945,-10.709764745257637,-20.013059943426086,2.25798285822121,-22.836636144536218,-16.752950934147535,1.4970736841145202,2.25798285822121,9.30011510848999,0.10449567437171936,3.704793930053711,0.0,422.81651694560003,1.829280109931655,1,0,0
308,Jonglei,2021-12-01,2022-02-28,0,none,33.16921137196628,8.441884720541843,-12.171555204362354,1.5853087328949687,-14.821650042061675,-9.890725904570173,-17.13538377672426,1.5461460813644083,-19.649417424997207,-15.007261133118362,1.5853087328949687,1.5461460813644083,0.7211374584585428,0.008102668449282646,0.6972101330757141,49.6147631542603,404.899168982531,1.874809141278438,1,0,0
309,Unity,2021-12-01,2022-02-28,0,none,30.471138820107168,8.99462032747413,-8.694705849900897,0.7178181039171435,-10.094981669588913,-7.374151127429911,-15.768370000226833,0.8013325595415293,-17.21544222714058,-14.224931878015122,0.7178181039171435,0.8013325595415293,0.21337531134486198,0.0023974752984941006,0.18020987510681152,0.0,398.8154555112767,1.501658549152107,0,1,0
310,Unity,2021-12-01,2022-02-28,0,none,30.36565928901278,8.269851666724001,-9.931937927957819,0.9396568897811086,-11.718539262180759,-8.203339516348628,-15.12596202824603,1.2185488940785456,-17.276346414299333,-12.812971821165121,0.9396568897811086,1.2185488940785456,0.1277999290161663,0.0014359543048259285,0.07659873035218982,3.736842105263159,400.46051963800505,1.7846626889598305,0,1,0
311,Unity,2021-12-01,2022-02-28,0,none,30.041173805196188,8.043374801242527,-8.064582564299432,0.7413972118643911,-9.204681899063711,-6.792502724170934,-13.5745464019098,0.9377092445239431,-15.0966955884362,-12.088050999597156,0.7413972118643911,0.9377092445239431,0.0,0.0,0.0,0.0,395.2238748960837,1.9207834483987558,0,1,0
312,Unity,2021-12-01,2022-02-28,0,none,30.345989276299512,8.536378861140284,-8.875956488391003,0.8546679804597852,-10.5112227409581,-7.33263122106363,-13.553515651309482,0.9360896258405007,-15.321507916425508,-11.809999752812457,0.8546679804597852,0.9360896258405007,0.0,0.0,0.0,0.0,398.76962608223425,1.364965577546907,0,1,0
313,Unity,2021-12-01,2022-02-28,0,none,29.727161356361194,9.13669178667302,-8.140641320900702,0.6792749952563107,-9.291319860329986,-7.0536715926941005,-13.12982013651077,0.7185485713569227,-14.309357848294288,-12.008048147052245,0.6792749952563107,0.7185485713569227,0.06089217122644186,0.0006841816939413548,0.04859026148915291,0.0,394.76305742758814,1.7621761776599314,0,1,0
314,Unity,2021-12-01,2022-02-28,0,none,29.888474296824082,9.575850922428554,-8.852003726130325,0.7741632655961661,-9.626166991726492,-8.07784046053416,-13.804941324088361,0.5490743547332939,-14.354015678821728,-13.255866969354999,0.7741632655961661,0.5490743547332939,0.0,0.0,0.0,0.0,404.5243917721405,1.9293817419319796,0,1,0
315,Unity,2021-12-01,2022-02-28,0,none,29.520819300044636,8.22793996243182,-8.263917332428122,0.7844356392927809,-9.470762382476414,-6.895130334812912,-15.031091691508754,1.363949228533203,-17.060129406594353,-12.878003156891465,0.7844356392927809,1.363949228533203,3.003291577100754,0.033744849264621735,0.8037245869636536,0.0,393.88171613129276,1.6737732630007713,0,1,0
316,Unity,2021-12-01,2022-02-28,0,none,31.211631583647783,8.23067623141759,-11.237249248230723,0.7602967765752365,-12.4292144220494,-10.048162614583955,-17.91003888509522,0.8525291068746537,-19.266363594677347,-16.609046942717004,0.7602967765752365,0.8525291068746537,0.7919962853193283,0.008898834697902203,0.7077723741531372,0.0,407.3612525938506,1.6562529474039316,0,1,0
317,Upper_Nile,2021-12-01,2022-02-28,0,none,33.98236482746559,9.81466458740318,-11.135362376235289,0.6723458155065484,-12.180373175554429,-10.107260074226119,-17.467654261088008,0.8155822936990254,-18.72942806907281,-16.270939137811983,0.6723458155065484,0.8155822936990254,1.0343549251556396,0.01162196509540081,1.0343549251556396,0.0,573.3208579107653,1.86393786808595,0,0,1
318,Upper_Nile,2021-12-01,2022-02-28,0,none,33.16891933264634,10.728638834767843,-13.091842748174704,0.5583695060126976,-13.946565776147981,-12.237093846185475,-19.929934067531487,0.6820790017313696,-21.00637144685979,-18.92584860103578,0.5583695060126976,0.6820790017313696,0.0,0.0,0.0,0.0,412.2257932172401,2.199965926997704,0,0,1
319,Upper_Nile,2021-12-01,2022-02-28,0,none,33.144034589210115,9.593861122537259,-9.374149633896337,0.8012581385903208,-10.543318982866483,-8.079050773584367,-14.51420663359859,0.9506250589243841,-15.841437682662464,-12.962446861256607,0.8012581385903208,0.9506250589243841,1.4272335767745972,0.01603633165359497,1.4272335767745972,0.0,400.5553213579288,2.1786910209911707,0,0,1
320,Upper_Nile,2021-12-01,2022-02-28,0,none,33.377327277037786,9.217044329926912,-8.401897803757421,1.0154522031648805,-10.046743269921171,-7.074076173175769,-13.404042289306787,1.2972823015839168,-15.671455142343133,-11.770964297644511,1.0154522031648805,1.2972823015839168,6.8411948680877686,0.07686735689640045,3.5623109340667725,0.0,406.5616720055555,1.9915098014557961,0,0,1
321,Upper_Nile,2021-12-01,2022-02-28,0,none,32.8197538410267,10.290752483946145,-11.273806903378475,0.6907580323856777,-12.317361968372644,-10.229605970307768,-17.60435385876602,0.9162626880982631,-18.950900355122126,-16.260834078731794,0.6907580323856777,0.9162626880982631,0.0,0.0,0.0,0.0,393.50288261011315,2.3114355312741934,0,0,1
322,Jonglei,2021-01-01,2021-03-31,0,none,32.19436084474148,8.402838625063731,-14.420506798352799,1.2114778526574135,-16.759771918441867,-12.53936734547461,-22.25950428415066,2.8952787136649714,-26.198034572769217,-17.895827589234976,1.2114778526574135,2.8952787136649714,7.2108154296875,0.08102039992809296,7.2108154296875,0.0,403.6513398951073,2.447658813042974,1,0,0
323,Jonglei,2021-01-01,2021-03-31,0,none,33.41618697619173,7.223662652286956,-8.146003080239824,1.3593189156196719,-10.792306585964242,-5.894045427325334,-14.740973248157493,1.3448631811465763,-16.88692491997353,-11.921974593300192,1.3593189156196719,1.3448631811465763,41.0269775390625,0.46097726623217267,8.267120679219564,0.0,417.2100584921718,1.4805087712294263,1,0,0
324,Jonglei,2021-01-01,2021-03-31,0,none,33.340823737300774,8.129340234313698,-12.751727414186803,1.6004334024551665,-15.20929934053614,-10.123816275242705,-17.329917314739536,1.5567247576095318,-19.871341369551544,-14.854107106348527,1.6004334024551665,1.5567247576095318,17.27087028159036,0.1940547227859497,7.057227770487467,0.0,408.5557257876102,1.8145879892786974,1,0,0
325,Jonglei,2021-01-01,2021-03-31,0,none,33.1723663767392,7.365176145005426,-8.46872105539975,1.4395289510350429,-11.357164090838182,-6.547690892704444,-14.180478222222439,2.020177638661008,-18.484433357112206,-11.972799173313424,1.4395289510350429,2.020177638661008,35.55998420715332,0.39955038825670874,8.798381805419922,0.0,413.47395427763786,2.0697740872792587,1,0,0
326,Jonglei,2021-01-01,2021-03-31,0,none,33.307673865429464,6.091082902752729,-11.981417418469524,1.1717073239617095,-13.672033653105457,-9.935159934159419,-19.946340472878674,2.759918583892699,-23.545585888118485,-15.787908956468534,1.1717073239617095,2.759918583892699,63.92383861541748,0.7182453870773315,12.758955955505371,0.0,426.43804073601035,2.1618280335880486,1,0,0
327,Jonglei,2021-01-01,2021-03-31,0,none,32.68229061134639,6.49957592269368,-14.755836475247776,0.8728772063720448,-16.08028545337687,-13.128679034032428,-23.57099390206904,1.7768065170538891,-26.240305619403173,-20.48428874989671,0.8728772063720448,1.7768065170538891,40.90585994720459,0.45961639285087585,15.191546440124512,1.6405959031657367,424.10636292718976,2.781905973111723,1,0,0
328,Jonglei,2021-01-01,2021-03-31,0,none,32.73224846837901,7.055493681407585,-13.658840535255631,0.8220324237258342,-14.918613112672912,-11.95637664360344,-21.552167679680675,1.055746709287259,-23.195276160895652,-19.555963908813485,0.8220324237258342,1.055746709287259,27.68584442138672,0.31107690930366516,21.575702667236328,0.0,419.478320991658,2.0108214976306344,1,0,0
329,Jonglei,2021-01-01,2021-03-31,0,none,33.24569162030882,6.7906839076824115,-12.016140090933197,1.6506918818078702,-13.80433109502327,-8.659443040904312,-20.48000237851437,3.0228877879469835,-23.59683398667089,-14.557742642598003,1.6506918818078702,3.0228877879469835,55.07872796058655,0.6188620924949646,11.887622833251953,0.0,419.249709299705,2.6019090314495714,1,0,0
330,Unity,2021-01-01,2021-03-31,0,none,30.61613936970365,7.750340075463461,-22.778508079589724,2.5435320384120663,-26.339570306482944,-17.63492692371374,-29.45383746347321,1.48688227947567,-31.17808995192941,-26.022990678449123,2.5435320384120663,1.48688227947567,6.69961479306221,0.07527656853199005,4.254682540893555,43.90989476306135,403.0,0.004036019427514771,0,1,0
331,Unity,2021-01-01,2021-03-31,0,none,30.62397092921241,8.895163890559283,-8.08951112713762,0.8870384617414131,-9.646034950350309,-6.613300466019002,-14.335714658739759,0.6147384295374564,-15.42871846703927,-13.302686955457979,0.8870384617414131,0.6147384295374564,5.65620231628418,0.06355283409357071,5.65620231628418,0.0,399.93335276444986,1.6771714148580323,0,1,0
332,Unity,2021-01-01,2021-03-31,0,none,30.831963319805393,9.38811365920155,-12.082575466377511,0.8350287039907356,-13.13524069674257,-10.965602420877104,-19.839584711314913,0.822792763387679,-20.89153031553514,-18.757545495125328,0.8350287039907356,0.822792763387679,4.912804179721408,0.055200047377083034,4.912804179721408,0.0,402.7772672926825,2.5585295659928518,0,1,0
333,Unity,2021-01-01,2021-03-31,0,none,30.956793862709873,8.446421162555914,-7.586687900022472,1.0563378136244586,-9.365898185398565,-5.744361402983229,-14.234842820829051,0.6930692835578695,-15.45426780647445,-13.056619094641771,1.0563378136244586,0.6930692835578695,8.570163369178772,0.09629397094249725,8.492185592651367,0.0,401.70290411352505,1.607229545375787,0,1,0
334,Unity,2021-01-01,2021-03-31,0,none,31.191392936631882,8.628895358536074,-8.9505444744803,0.5961348347269593,-9.955028958877923,-7.8796039497594315,-14.140613784278772,0.6204141925352233,-15.23574539955174,-13.068747064135653,0.5961348347269593,0.6204141925352233,8.727437376976013,0.09806109219789505,3.774027109146118,0.0,405.7086089149339,1.332288084356302,0,1,0
335,Unity,2021-01-01,2021-03-31,0,none,29.803229889033776,7.552953947039752,-12.662021485090051,1.946163419722969,-15.34414765278001,-9.366385295368023,-19.481855042511924,3.1628998199909057,-23.700079998919396,-14.285026834429503,1.946163419722969,3.1628998199909057,10.182215988636017,0.11440692096948624,9.618860244750977,0.0,403.4223814044735,2.2525216964232877,0,1,0
336,Unity,2021-01-01,2021-03-31,0,none,29.68744595306671,9.270978031027376,-13.768147621403841,0.7331111363993136,-14.992781040581965,-12.436316548364047,-22.854628599967587,1.1948950327227195,-24.928406543394217,-20.66442480243688,0.7331111363993136,1.1948950327227195,0.0,0.0,0.0,2.0,395.9858177631845,2.0125562468245874,0,1,0
337,Unity,2021-01-01,2021-03-31,0,none,30.18262547493892,9.918240875827212,-12.177810667844337,0.5057997119303793,-12.998721688333958,-11.412786575470408,-22.59346306546625,0.9430719184088285,-24.166803439880038,-21.17852241923813,0.5057997119303793,0.9430719184088285,7.30998125076294,0.08213461935520172,3.65499062538147,0.0,405.6623475916458,1.9606176379720885,0,1,0
338,Upper_Nile,2021-01-01,2021-03-31,0,none,33.83758203015298,9.50865850466074,-12.256120656044407,0.6759708099231615,-13.493261869586213,-11.150773215692041,-20.62392417276309,0.9300125884938507,-22.29424468183209,-19.074147226095825,0.6759708099231615,0.9300125884938507,6.131821036338806,0.06889686733484268,1.4780775308609009,0.0,503.88752965399965,2.754292250405784,0,0,1
339,Upper_Nile,2021-01-01,2021-03-31,0,none,33.587452681188104,9.228486067571195,-11.56047155259297,2.382181620573797,-15.024352314533115,-8.043890226780796,-16.85050256929694,3.273567094618683,-22.01572995682752,-12.636205231112886,2.382181620573797,3.273567094618683,15.63427209854126,0.1756659746170044,3.5418343544006348,0.0,417.66911402384966,1.9589721566192126,0,0,1
340,Upper_Nile,2021-01-01,2021-03-31,0,none,33.021807307918,9.78057448166522,-12.383771904320902,0.6074152127375898,-13.446400337273833,-11.367457243262455,-19.072231112378336,0.8706758541228319,-20.52869015579334,-17.609789128926835,0.6074152127375898,0.8706758541228319,6.400065660476685,0.07191085070371628,4.100786209106445,0.0,396.7237276992364,2.2646011962129307,0,0,1
341,Upper_Nile,2021-01-01,2021-03-31,0,none,32.03360240133485,9.58538316490759,-9.63931875991844,0.5718779801997916,-10.386889612174642,-8.919217932582608,-15.155313941168838,0.6253977287493667,-15.947512371689836,-14.347929720166535,0.5718779801997916,0.6253977287493667,0.0,0.0,0.0,0.0,395.3798384389894,2.0605939821964987,0,0,1
342,Upper_Nile,2021-01-01,2021-03-31,0,none,31.47053288087155,8.783879195555663,-12.93398453231626,1.395944568409063,-14.659591509127933,-9.35970420987521,-20.35510097671875,2.3494006924337896,-24.331240340422035,-17.378498192870687,1.395944568409063,2.3494006924337896,7.526597261428833,0.08456850796937943,2.0763027667999268,0.0,401.88807258798744,2.4357693668082985,0,0,1
343,Upper_Nile,2021-01-01,2021-03-31,0,none,33.03690880351651,9.853495229838805,-9.00723156593467,0.561110297545859,-9.9950126903478,-8.060593710804577,-14.043244298371041,0.5871950977021924,-15.056476641613273,-13.06520022557532,0.561110297545859,0.5871950977021924,4.62835168838501,0.052003949880599976,2.917247772216797,0.0,397.79260892313323,2.3225650048671835,0,0,1
344,Upper_Nile,2021-01-01,2021-03-31,0,none,33.28772892676602,8.648301328322663,-14.060035227689768,2.0467810195330323,-16.931114296897757,-10.729959940512385,-17.854212868854912,1.6918213359962204,-21.195953363872114,-15.590431878388122,2.0467810195330323,1.6918213359962204,12.901345372200012,0.14495894312858582,3.0304348468780518,0.0,404.74798203461154,1.3450795807850011,0,0,1
345,Upper_Nile,2021-01-01,2021-03-31,0,none,32.1114558639992,8.540702274280212,-10.048850662687968,0.7504063472459515,-11.374996663841456,-8.79406714438505,-16.11433527483484,1.0058242876150356,-17.869635903604237,-14.48243094786356,0.7504063472459515,1.0058242876150356,7.244451114907861,0.08139833062887192,3.607656240463257,0.0,404.5638809225674,1.7356783488908203,0,0,1
346,Jonglei,2020-12-01,2021-02-28,0,none,32.95628574476156,7.745101607978423,-11.122748070508598,2.3959102553773723,-15.125807153113982,-8.009978676666227,-16.552298145235046,3.196705587738654,-22.285658182762965,-13.098478461419223,2.3959102553773723,3.196705587738654,2.5318644046783447,0.028447914868593216,2.5318644046783447,0.0,412.2166456777906,1.750716678321687,1,0,0
347,Jonglei,2020-12-01,2021-02-28,0,none,32.02654466014985,6.514715596156925,-8.891300380283877,1.5169394995387897,-11.39718362462409,-5.9503773817985515,-14.27969749174833,1.6986414735793955,-17.006173566651377,-10.960617673800218,1.5169394995387897,1.6986414735793955,5.812035083770752,0.06530376523733139,5.812035083770752,0.0,427.01068684390907,1.8230363578601427,1,0,0
348,Jonglei,2020-12-01,2021-02-28,0,none,33.3267966031609,7.933573779295055,-12.219305799118255,1.275111262803192,-14.434641633070456,-10.271021261456655,-16.991928423962136,1.2066341179205502,-18.898048686388226,-14.970912853491464,1.275111262803192,1.2066341179205502,5.654145002365112,0.06352972239255905,3.512099027633667,32.277663230240584,410.1214218929803,1.9960983784291122,1,0,0
349,Jonglei,2020-12-01,2021-02-28,0,none,33.101319166602934,7.116119652211321,-7.510846563473221,0.9125747790462475,-9.378242232699112,-6.220827697417976,-12.673523116962889,0.8739952350630217,-14.438630466067222,-11.442577120869917,0.9125747790462475,0.8739952350630217,17.397897084554035,0.19548198580741882,10.561578114827475,0.0,417.330529160099,1.963213226581528,1,0,0
350,Jonglei,2020-12-01,2021-02-28,0,none,33.37254429319035,7.21088769950946,-7.10610879658497,0.8394070316876083,-8.525665548736155,-5.657904531082883,-13.604628515212104,0.7567123430896163,-14.907656383378807,-12.27269689668597,0.8394070316876083,0.7567123430896163,17.679099082946777,0.19864156097173694,8.089317321777344,0.0,416.06306959403497,1.7119808908276704,1,0,0
351,Jonglei,2020-12-01,2021-02-28,0,none,33.325409104833,7.746861865768919,-9.271947908292884,0.8142034236794773,-10.68621761902399,-7.897361802642643,-14.191619097381132,0.9268263973421274,-15.797338484521067,-12.745774900620537,0.8142034236794773,0.9268263973421274,10.333452701568604,0.11610621213912964,3.711939811706543,0.0,413.79210044655923,2.328416104213878,1,0,0
352,Jonglei,2020-12-01,2021-02-28,0,none,33.28148047275708,7.792316355394583,-10.254984720852464,0.7916298388867243,-11.53681864956384,-8.82058505534602,-15.075186405163677,1.2883580508238255,-17.888219575898233,-13.15497894770885,0.7916298388867243,1.2883580508238255,8.652851343154907,0.0972230484088262,5.360786596934001,0.0,412.85908222227226,2.290445799673409,1,0,0
353,Jonglei,2020-12-01,2021-02-28,0,none,33.148290242917945,7.063219932362337,-7.765343022602172,1.5219119910555488,-10.606750941983025,-5.758605968231164,-13.637667403248937,1.6721767759978374,-17.11663382884306,-11.565184147136886,1.5219119910555488,1.6721767759978374,17.384724405076767,0.19533398250738782,10.670800950792101,0.0,417.111428906025,2.0826555649548832,1,0,0
354,Unity,2020-12-01,2021-02-28,0,none,30.32550563701931,8.485798176736667,-11.061996378300515,0.9340295198704824,-13.120620069292974,-9.384770352128692,-16.0106250443734,1.0843499116733093,-18.160972572907134,-14.014703034100885,0.9340295198704824,1.0843499116733093,0.0,0.0,0.0,3.6190476190476195,399.1533444358159,1.5346921264143607,0,1,0
355,Unity,2020-12-01,2021-02-28,0,none,29.572531947088017,9.812616359470242,-12.930909826741612,0.8346453702399628,-14.063773289035273,-11.541746179559855,-21.458187937255868,3.04874597586548,-25.0587531491967,-16.634883662701082,0.8346453702399628,3.04874597586548,0.0,0.0,0.0,19.434343434343432,401.3800775467674,1.3776507503467394,0,1,0
356,Unity,2020-12-01,2021-02-28,0,none,29.67002605591303,9.37248168652511,-9.412888537563024,0.6193836425343279,-10.51337145641659,-8.248952114709006,-14.831233948730832,0.7207529321480814,-16.091775702204348,-13.442294002115874,0.6193836425343279,0.7207529321480814,0.0,0.0,0.0,0.0,397.84193838754294,2.013792789842058,0,1,0
357,Unity,2020-12-01,2021-02-28,0,none,31.461019917163327,9.422138130763653,-12.655085240655652,1.6993613580469211,-14.281923958306498,-9.922999630608928,-19.839094952910784,2.625517207340603,-22.238146941424677,-15.54761139798345,1.6993613580469211,2.625517207340603,0.0,0.0,0.0,0.0,401.57086697023834,1.8205412684194862,0,1,0
358,Unity,2020-12-01,2021-02-28,0,none,31.076685925895703,8.315647470312197,-7.332113029529806,0.5788863905002085,-8.33421182974912,-6.322606903941893,-12.629625584210025,0.6149455557793677,-13.691474998941802,-11.548919565741908,0.5788863905002085,0.6149455557793677,0.0,0.0,0.0,0.0,405.0936808116009,1.5710327524324375,0,1,0
359,Unity,2020-12-01,2021-02-28,0,none,30.237777405618477,7.571893172978795,-7.649961523682873,0.9464872304551828,-9.858690919271965,-6.10222538896973,-13.662180783944809,1.0801533647506507,-16.130863081245987,-11.741010956311882,0.9464872304551828,1.0801533647506507,0.2807539999485016,0.003154539270326495,0.2807539999485016,0.0,405.14826661628,1.7414340440815466,0,1,0
360,Unity,2020-12-01,2021-02-28,0,none,31.274930698918983,9.044227290028525,-9.43945855077756,0.7814905774546087,-10.737497461988962,-8.079199629399195,-15.361073811387037,0.6958383180144777,-16.57062349644352,-14.178660512518734,0.7814905774546087,0.6958383180144777,0.0,0.0,0.0,0.0,405.81061831872887,1.780369430230997,0,1,0
361,Unity,2020-12-01,2021-02-28,0,none,29.56343505298483,8.599449376343811,-7.6173718414645455,0.6620629427846106,-8.835247690931379,-6.456668705132275,-14.040653650999904,0.731303152175775,-15.390000598340666,-12.737666408863744,0.6620629427846106,0.731303152175775,0.026198534294962883,0.0002943655417766422,0.026198534294962883,0.0,390.75732908523855,2.9120015297181254,0,1,0
362,Upper_Nile,2020-12-01,2021-02-28,0,none,33.24275965649659,10.282672861851472,-13.174802635995999,0.7090606180000537,-14.371925286462876,-11.88081873512224,-20.468653978372114,1.0895078084626815,-22.1992010459019,-18.410315991391624,0.7090606180000537,1.0895078084626815,0.0,0.0,0.0,0.0,410.40748696056045,2.395237644294836,0,0,1
363,Upper_Nile,2020-12-01,2021-02-28,0,none,31.815320738337107,9.208709139350539,-12.122066177823509,0.5425721929351455,-12.820091348234552,-11.424005778425116,-19.523858793030215,0.8259196035904104,-20.570139558321284,-18.452522147328654,0.5425721929351455,0.8259196035904104,0.0,0.0,0.0,0.0,401.29739936832203,1.9334862869793579,0,0,1
364,Upper_Nile,2020-12-01,2021-02-28,0,none,31.853064405865226,9.224564146303335,-10.0251305520172,0.5762930468722297,-10.746648964077627,-9.253927003619506,-16.12362933209175,0.6215680305880493,-16.930772998888788,-15.342243572773315,0.5762930468722297,0.6215680305880493,0.0,0.0,0.0,0.0,399.6846198647013,1.6613854525785792,0,0,1
365,Upper_Nile,2020-12-01,2021-02-28,0,none,31.00731924872634,10.925391472202469,-13.824532020371217,0.638096165406483,-14.680535962583756,-13.038060866711781,-20.59766006058419,0.767423734772657,-21.554369679168147,-19.584283564258193,0.638096165406483,0.767423734772657,0.0,0.0,0.0,0.0,547.9900360502476,2.7484789035047963,0,0,1
366,Upper_Nile,2020-12-01,2021-02-28,0,none,33.15415114286686,10.985943637701096,-10.383027741191496,0.6019448303446291,-11.38477388537438,-9.342324876754049,-15.682153531594567,0.6433216273444169,-16.80268923684891,-14.619862775357714,0.6019448303446291,0.6433216273444169,0.0,0.0,0.0,0.0,423.30570506879604,1.6053240616930213,0,0,1
367,Upper_Nile,2020-12-01,2021-02-28,0,none,32.63353987014562,10.458600395817616,-14.14399163478935,1.211813016527273,-16.093375739340267,-11.71207167212383,-22.225480678717624,1.0657709371615842,-24.148392533205982,-20.338731190500766,1.211813016527273,1.0657709371615842,0.0,0.0,0.0,0.0,391.7560187458157,2.089153794435166,0,0,1
368,Upper_Nile,2020-12-01,2021-02-28,0,none,31.35548456048972,9.309284080381333,-9.590073234347829,0.6738692758875654,-10.379868905810486,-8.652641855914206,-14.694934081988848,0.7461192181736542,-15.563560764609432,-13.64414730021572,0.6738692758875654,0.7461192181736542,0.0,0.0,0.0,0.0,400.2234276039378,2.4494761604330844,0,0,1
369,Upper_Nile,2020-12-01,2021-02-28,0,none,32.57408540458684,9.619822868068638,-14.511309397137472,1.0677659233336374,-15.976650492239937,-12.316549887506962,-23.560412605765972,1.1020446007756035,-25.41599338681762,-21.31004767847998,1.0677659233336374,1.1020446007756035,0.0,0.0,0.0,0.0,396.3247062403237,1.8065829176537307,0,0,1
370,Jonglei,2020-01-01,2020-03-31,0,none,32.96250439523177,7.05231687995797,-8.56256856791227,0.6780449748388268,-9.671570140487708,-7.227096244367272,-13.941659047920092,0.757426132871117,-15.167340994039579,-12.448660495794899,0.6780449748388268,0.757426132871117,33.39529101053874,0.37105878856447005,8.892290009392633,0.0,419.4290823266581,1.8936135613820793,1,0,0
371,Jonglei,2020-01-01,2020-03-31,0,none,33.02569077250456,8.414325013102545,-12.160781521351087,1.73713819285264,-15.056715700072223,-9.612457413457754,-17.105050018009376,1.453155143337644,-19.34463993177585,-14.539445196264337,1.73713819285264,1.453155143337644,7.4826600551605225,0.08314066380262375,4.860779285430908,0.0,404.2261850772539,1.4310104454932966,1,0,0
372,Jonglei,2020-01-01,2020-03-31,0,none,32.1120920032549,6.4873005568517375,-12.97340854605663,1.4797927422245474,-14.580650789753589,-9.408343177882015,-21.01647576777674,2.823457180159432,-24.161783946085812,-15.307867618684407,1.4797927422245474,2.823457180159432,38.145877718925476,0.42384308079878485,8.708763519922892,0.0,428.5050192562662,1.7010007858866105,1,0,0
373,Jonglei,2020-01-01,2020-03-31,0,none,33.38541064886888,6.854126090182576,-7.44368697628501,0.6463264853043998,-8.537511744281973,-6.303373134805706,-12.763173953272346,0.6441909430469749,-13.849810399513705,-11.629223078876771,0.6463264853043998,0.6441909430469749,49.93728280067444,0.5548586845397949,6.812750816345215,0.0,417.84461277109637,1.5275842480706159,1,0,0
374,Jonglei,2020-01-01,2020-03-31,0,none,32.8076362211582,6.759156319787383,-13.708993824669712,1.6438619044240403,-15.455247675904426,-9.862267668689116,-23.30574229164331,2.8403555600098795,-26.27619865372033,-15.74608669375822,1.6438619044240403,2.8403555600098795,39.60704445838928,0.4400782585144043,11.098795890808105,0.0,422.84063229633364,2.784866974731776,1,0,0
375,Jonglei,2020-01-01,2020-03-31,0,none,32.4017239955041,6.043434534434824,-12.316760208161616,1.7381570235264998,-15.026285113772193,-9.808648080900644,-19.842489430147022,3.2142922845232174,-25.048752879732916,-16.146472552501386,1.7381570235264998,3.2142922845232174,49.969558238983154,0.5552173256874084,9.001258850097656,0.0,434.0602547207277,2.0683099874305197,1,0,0
376,Jonglei,2020-01-01,2020-03-31,0,none,32.41189144771594,6.919097323887583,-14.818646129171588,0.7543666952314513,-16.432826593014717,-13.752342248849224,-22.70606668736554,1.475993804959169,-24.575618269203403,-19.18730023476688,0.7543666952314513,1.475993804959169,34.012433767318726,0.3779159188270569,9.630714416503906,0.0,422.27772896644603,2.183914555615355,1,0,0
377,Jonglei,2020-01-01,2020-03-31,0,none,32.336568853636614,8.02560171059757,-10.948323025011256,0.9544224793098212,-12.8087972789973,-8.917791101110488,-16.625872312291634,1.2420546703186097,-18.952981088303382,-13.999880710158331,0.9544224793098212,1.2420546703186097,23.89231312274933,0.2654701520999273,10.016141096750895,0.0,411.5368737528987,2.245187236192641,1,0,0
378,Unity,2020-01-01,2020-03-31,0,none,29.678015012446256,9.223405973729683,-12.584666919625002,0.7903359908292774,-13.84291211941724,-11.226903279573603,-20.04123309586617,1.1712489822650216,-21.94777499140635,-17.98929836878054,0.7903359908292774,1.1712489822650216,5.57767117023468,0.06197412312030792,3.7086095809936523,3.4399999999999995,395.5967771560667,2.0609625390855566,0,1,0
379,Unity,2020-01-01,2020-03-31,0,none,30.611777959490734,9.855242013028102,-11.587986616550753,0.667130936096691,-12.79035025886763,-10.424202003985465,-18.5070430487539,0.7457353720316291,-19.940778897747457,-17.225525646176045,0.667130936096691,0.7457353720316291,5.053008079528809,0.056144535541534424,5.053008079528809,0.0,414.0613361953315,2.1268724774021046,0,1,0
380,Unity,2020-01-01,2020-03-31,0,none,29.75354774285703,8.376406462828069,-12.584956469378136,1.390617777351232,-14.856360038112264,-10.340525843394653,-16.907492244283375,1.048100457240468,-18.71794835569033,-15.226645283095978,1.390617777351232,1.0481004572404673,5.051180362701416,0.05612422525882721,2.525590181350708,0.0,393.66428090341714,1.7878465663626133,0,1,0
381,Unity,2020-01-01,2020-03-31,0,none,30.801612585895008,8.035999739082476,-6.59542858546533,1.0504293686395874,-8.476351607746665,-4.829924923203482,-16.11739065142907,0.908692168581878,-17.76206441389055,-14.545187617027278,1.0504293686395874,0.908692168581878,12.097768425941467,0.13441964983940125,6.645749092102051,0.0,402.6207809249045,1.3837995318372502,0,1,0
382,Unity,2020-01-01,2020-03-31,0,none,31.176932008462444,8.01939837001089,-9.530769242254697,0.7147182648292093,-10.804516428761422,-8.231412273734385,-14.726131087568133,0.8339841645373247,-16.267062966313045,-13.274933376087684,0.7147182648292093,0.8339841645373247,18.588824033737183,0.2065424919128418,6.67703104019165,0.0,405.84890880327924,2.143699731264102,0,1,0
383,Unity,2020-01-01,2020-03-31,0,none,30.587583966062617,7.681738444736921,-10.21029498773691,0.775410152794227,-11.660402377521601,-8.887768207696666,-16.175235438125885,0.7308796806813894,-17.490936032295682,-14.890233931315302,0.775410152794227,0.7308796806813894,13.242742002010347,0.14714157767593863,8.156428158283234,18.165812761993475,406.124023336467,1.337653920229848,0,1,0
384,Unity,2020-01-01,2020-03-31,0,none,30.091930450814196,9.823492397172311,-12.547252454972242,0.7953064395754755,-13.721263266789741,-11.458266531974997,-21.772512515240383,1.8295775179459537,-23.82836342875285,-18.850521011901897,0.7953064395754755,1.8295775179459537,5.205681681632996,0.05784090608358383,4.68406899770101,0.0,405.21303455400005,2.5812755492715174,0,1,0
385,Unity,2020-01-01,2020-03-31,0,none,29.805186447017828,7.705268459276018,-11.73052422203411,0.8880035967282556,-13.343658741054732,-10.239225775576037,-18.048115614032067,1.3061936786351613,-20.767364416314077,-16.111614133353097,0.8880035967282556,1.3061936786351613,16.082754135131836,0.17869727313518524,16.082754135131836,0.0,403.0261309154365,1.9183038115073014,0,1,0
386,Upper_Nile,2020-01-01,2020-03-31,0,none,33.636401764612444,10.482287465797317,-11.825623126880114,0.6855373467360205,-13.022674790873316,-10.647162547186346,-19.565133749933466,0.9080519992061585,-21.083384000504537,-17.999974955789078,0.6855373467360205,0.9080519992061585,3.167639136314392,0.03519599139690399,2.1117594242095947,0.0,482.011108383728,1.743626243622092,0,0,1
387,Upper_Nile,2020-01-01,2020-03-31,0,none,31.77709178006707,9.819092326140211,-14.103289230925007,0.6989061939019892,-15.249014641253604,-13.012778280176635,-21.206109353408532,0.9881475588552493,-22.798895442601342,-19.74675307311779,0.6989061939019892,0.9881475588552493,5.427197337150574,0.06030219420790672,3.7226076126098633,0.0,400.05998971400453,1.5803833038813682,0,0,1
388,Upper_Nile,2020-01-01,2020-03-31,0,none,31.420190057788687,9.066111334265853,-10.58244701690668,0.664760389820125,-11.84195258068415,-9.401956803461891,-16.910440662516248,0.8282931032011868,-18.493662395627148,-15.45822820917616,0.664760389820125,0.8282931032011868,5.9448325634002686,0.06605369597673416,3.291701078414917,0.0,405.8797714285717,1.6742337613188594,0,0,1
389,Upper_Nile,2020-01-01,2020-03-31,0,none,32.349915382261614,10.882705444331993,-11.53971306081594,0.6652862622235689,-12.578072036215568,-10.506512622217482,-16.853924773664268,0.7614799429772842,-18.088070559289793,-15.68527718165236,0.6652862622235689,0.7614799429772842,0.0,0.0,0.0,0.0,394.9902708388116,1.8891346461508534,0,0,1
390,Upper_Nile,2020-01-01,2020-03-31,0,none,33.52292714788808,10.063505736111203,-11.303874109344056,0.7136338787228568,-12.566329286598902,-10.012363639335996,-18.068173686849114,1.021638703881307,-19.73065942640783,-16.18990369077675,0.7136338787228568,1.021638703881307,1.183680236339569,0.013152002356946468,0.504951000213623,0.0,427.91655643936025,1.8164874721046471,0,0,1
391,Upper_Nile,2020-01-01,2020-03-31,0,none,33.25874104573726,10.984375942901698,-11.720491063427952,0.6222886828760265,-12.826051708789015,-10.648715442131437,-17.333819352599317,0.7063425679201395,-18.58196900378246,-16.11406718220578,0.6222886828760265,0.7063425679201395,1.9220504760742188,0.021356116980314255,1.9220504760742188,0.0,445.27747753367163,1.7538326138898706,0,0,1
392,Upper_Nile,2020-01-01,2020-03-31,0,none,31.42027165553624,8.862494800526934,-12.590869144546488,0.687609588335637,-13.739249212088419,-11.245579218392066,-20.390190333055603,1.6129840108127464,-22.687986313155786,-16.552168302682468,0.687609588335637,1.6129840108127464,6.588264107704163,0.0732029378414154,2.55183482170105,0.0,401.1247387634653,2.295781731101111,0,0,1
393,Upper_Nile,2020-01-01,2020-03-31,0,none,31.15230196107418,8.8500403180807,-10.157702612002685,0.643856229349531,-11.329087700166829,-9.014869432496111,-15.621828627079038,0.7548991544287392,-17.004325815957717,-14.303383469149734,0.643856229349531,0.7548991544287392,6.619226694107056,0.07354696094989777,3.1469197273254395,0.0,403.15249045925606,2.3451836866935394,0,0,1
394,Jonglei,2019-12-01,2020-02-29,0,none,32.08398477901916,6.536463964506494,-11.981794398711381,1.7528866622694428,-14.837359731107108,-9.149830259363055,-17.270747827550533,2.9287314330126843,-24.35394860892968,-13.908358208747273,1.7528866622694428,2.9287314330126843,14.840436220169067,0.1648937314748764,4.846539497375488,0.0,426.53533199267747,1.7559525782464958,1,0,0
395,Jonglei,2019-12-01,2020-02-29,0,none,32.43972723331161,8.084773466896495,-11.870515432576564,1.7458547366612718,-14.063895180552326,-8.45841147678135,-17.211714373250736,2.0595735692768034,-19.926309420790204,-13.321990480848699,1.7458547366612718,2.0595735692768034,0.5417421013116837,0.006019356660544872,0.459249347448349,0.0,408.6079893954029,2.455910825491802,1,0,0
396,Jonglei,2019-12-01,2020-02-29,0,none,33.229293505716036,8.231871390493872,-8.1802146682473,0.8096284122451368,-9.511469115564237,-6.7427150864864585,-12.266627403571949,0.6871890819510788,-13.498163916283339,-11.076616544894417,0.8096284122451368,0.6871890819510788,0.0,0.0,0.0,0.0,407.39012568615294,1.4116669444030414,1,0,0
397,Jonglei,2019-12-01,2020-02-29,0,none,33.0012021720345,8.370585415628168,-8.855233911073343,0.7678272139071369,-10.148797000312019,-7.509091184268221,-13.502532120001195,0.7279552269978266,-14.776353926053728,-12.228186158541067,0.7678272139071369,0.7279552269978266,0.0,0.0,0.0,0.0,408.1433029500246,1.7967788271865235,1,0,0
398,Jonglei,2019-12-01,2020-02-29,0,none,33.26521117090191,8.447566877837556,-10.126712050778405,1.244894107813465,-12.0279242552436,-8.038017734190714,-14.628754421194191,1.0361453056808587,-16.21813383510433,-12.783473639698235,1.244894107813465,1.0361453056808587,0.0,0.0,0.0,0.0,405.28189323504745,1.6348656512374005,1,0,0
399,Jonglei,2019-12-01,2020-02-29,0,none,32.405760355310804,6.847676463061631,-12.828327447764098,1.7069219721228428,-15.11451743115506,-9.995863431851996,-19.111638679652028,3.5633336191347063,-24.082851472593685,-14.608364838639886,1.7069219721228428,3.5633336191347063,11.270462036132812,0.12522736191749573,5.5442023277282715,0.0,423.47693486244714,2.072569482457795,1,0,0
400,Jonglei,2019-12-01,2020-02-29,0,none,33.13911958568875,8.32660776063576,-8.4219878554241,0.716308242348369,-9.687154721696684,-7.138391434848408,-12.896722515756213,0.6760262976980016,-14.120184081143341,-11.768611117266204,0.716308242348369,0.6760262976980016,0.0,0.0,0.0,0.0,405.24200045807896,1.605583839586557,1,0,0
401,Jonglei,2019-12-01,2020-02-29,0,none,32.21514799720902,6.816376592090483,-11.374652483079721,2.554411794953345,-15.525708507894636,-8.169433759854208,-17.836682335397477,4.1998839816832945,-25.250645723333832,-13.274079803294539,2.554411794953345,4.1998839816832945,13.182938933372498,0.1464771032333374,3.8084847927093506,0.0,423.7672382325771,1.9527765301714106,1,0,0
402,Unity,2019-12-01,2020-02-29,0,none,29.71911001204924,9.60053848325912,-9.313456004484093,0.6025855443706855,-10.278788814959588,-8.3897970432375,-15.021613222955798,0.7566513219196259,-16.18017351197876,-13.784014481290933,0.6025855443706855,0.7566513219196259,0.0,0.0,0.0,0.0,399.6507930114746,2.1665171880849905,0,1,0
403,Unity,2019-12-01,2020-02-29,0,none,30.531584012025256,9.448614046105803,-9.380063668112461,0.952356802467012,-11.166017319040588,-7.748883846974287,-14.32142341282292,0.878259921857172,-15.997661626446307,-12.775534088143148,0.952356802467012,0.878259921857172,0.0,0.0,0.0,0.0,398.8938402163403,1.5483638822112769,0,1,0
404,Unity,2019-12-01,2020-02-29,0,none,30.35586590545832,8.375064261660967,-10.754201617173592,0.9430902715632539,-12.668589464963574,-8.897531723339206,-15.630749460577261,1.1609912952801251,-17.79153314690719,-13.459282909390376,0.9430902715632539,1.1609912952801251,0.0,0.0,0.0,0.0,399.5463901324148,1.8557617466076082,0,1,0
405,Unity,2019-12-01,2020-02-29,0,none,30.425639356880982,8.362232852961464,-6.991074304924268,0.9534169194107773,-8.698135156886487,-5.347300455502076,-15.661040909524038,0.8130567828321865,-17.150012836381432,-14.258455319899038,0.9534169194107773,0.8130567828321865,0.0,0.0,0.0,1.2446808510638305,398.8270822201366,1.3632338144806115,0,1,0
406,Unity,2019-12-01,2020-02-29,0,none,29.513761937508665,8.157424374102742,-12.273986850552431,0.9926535437361156,-14.218426414191798,-10.67986371495105,-17.967226853189313,1.5131309448835015,-21.183710662412047,-15.804452207366925,0.9926535437361156,1.5131309448835015,0.0,0.0,0.0,0.0,395.596001437685,2.9472101729782625,0,1,0
407,Unity,2019-12-01,2020-02-29,0,none,30.84829623497765,9.792592120428909,-14.80517935260498,0.8069726292262686,-15.967611160321274,-13.498215154276636,-21.875717307499624,1.1956375033832798,-23.58541954273746,-19.95941073492554,0.8069726292262686,1.1956375033832798,0.0,0.0,0.0,0.0,406.98872022398535,2.1698660828880887,0,1,0
408,Unity,2019-12-01,2020-02-29,0,none,30.24647385424058,9.697113520058892,-13.034678784478169,0.7020051175822274,-14.188911685770238,-11.951352611894986,-24.56801109143837,1.3646991311476706,-26.552503645941663,-22.131855191022307,0.7020051175822274,1.3646991311476706,0.0,0.0,0.0,0.0,402.2629652827489,2.445016783342012,0,1,0
409,Unity,2019-12-01,2020-02-29,0,none,31.232642999588457,9.05553185785826,-11.033857581816687,0.8959132252143579,-12.471822092482737,-9.110504724856593,-17.196442650758364,1.2588653671903838,-19.105650979088836,-14.357883418945624,0.8959132252143579,1.2588653671903838,0.0,0.0,0.0,0.0,405.2559216217065,1.9046014887620477,0,1,0
410,Upper_Nile,2019-12-01,2020-02-29,0,none,32.01404729985919,9.83302501457071,-8.799340662369962,0.7264873398168792,-9.918319554033223,-7.682079615700963,-14.982036781108544,0.7733065698659309,-16.181424596356752,-13.861967398469583,0.7264873398168792,0.7733065698659309,0.0,0.0,0.0,0.0,394.9754720018602,1.4977730576002684,0,0,1
411,Upper_Nile,2019-12-01,2020-02-29,0,none,32.91853857666331,10.71653771888859,-10.457942639591174,0.7257662903625584,-11.79542668539966,-9.078507789481007,-15.739614368264407,0.7336511844797768,-17.114306382720983,-14.35905855038361,0.7257662903625584,0.7336511844797768,0.0,0.0,0.0,0.0,390.85500680059766,3.6158037335551705,0,0,1
412,Upper_Nile,2019-12-01,2020-02-29,0,none,32.174588731533554,9.985875437880036,-9.226718120540008,0.6844061048917902,-10.23009744410773,-8.131661752382689,-15.245798478844115,0.757998050384621,-16.436858407050654,-14.102436654183423,0.6844061048917902,0.757998050384621,0.0,0.0,0.0,0.0,392.8400784923743,2.2117925415378346,0,0,1
413,Upper_Nile,2019-12-01,2020-02-29,0,none,33.399058532060685,8.624266448336913,-10.385988018062944,0.9315524901939212,-11.96501643067209,-8.800320683789176,-14.837891855093602,1.0031107610165826,-16.61814475296235,-13.147710179119386,0.9315524901939212,1.0031107610165826,0.19321247935295105,0.002146805403754115,0.19321247935295105,0.0,405.73231561754017,1.7405868485012832,0,0,1
414,Upper_Nile,2019-12-01,2020-02-29,0,none,32.56339288369032,9.516552409867346,-14.214701272759852,1.4454054101389735,-16.344000630840803,-11.545647055093493,-23.398856294447672,2.523670292845617,-26.3041953625923,-17.43299326231671,1.4454054101389735,2.523670292845617,0.0,0.0,0.0,1.7586206896551728,396.33079082009465,1.9225723209477954,0,0,1
415,Upper_Nile,2019-12-01,2020-02-29,0,none,31.388303180891736,9.988267405380089,-12.196025762985995,0.7349908564206981,-13.269392920302582,-11.036742278064592,-18.393881750936654,0.9020271185971667,-19.76116043761233,-17.02484960777281,0.7349908564206981,0.9020271185971667,0.0,0.0,0.0,0.0,409.1538024870153,2.002481204734253,0,0,1
416,Upper_Nile,2019-12-01,2020-02-29,0,none,33.491564305964125,9.539062339015555,-9.962118079520366,0.934097923509415,-11.396519796188693,-8.30791690790935,-15.722397705211486,1.148514302691268,-17.52415253492158,-13.772939406623143,0.934097923509415,1.148514302691268,3.3394713401794434,0.03710523620247841,3.3394713401794434,0.0,407.35592598229243,2.142377120675512,0,0,1
417,Upper_Nile,2019-12-01,2020-02-29,0,none,33.5858043207072,9.1207182134873,-10.156408569881743,0.9185619692524429,-11.658348098407156,-8.548836337866916,-15.936785228189445,1.4890852344157703,-18.6014374688943,-13.564869988694856,0.9185619692524429,1.4890852344157703,3.2409753799438477,0.03601083904504776,2.031313180923462,0.0,417.94213224355207,1.9051675575423226,0,0,1
418,Jonglei,2019-01-01,2019-03-31,0,none,32.18271106940532,6.502174039530868,-13.141787925327518,0.8007038648294089,-14.26647666423561,-11.8422816095015,-22.50733312890065,1.5011167951389772,-24.45564526010668,-19.849787442785978,0.8007038648294089,1.5011167951389772,29.708683013916016,0.3338054418563843,10.740715980529785,0.0,428.4035217459925,1.7654332047774404,1,0,0
419,Jonglei,2019-01-01,2019-03-31,0,none,33.16424543900612,6.966838349617899,-12.136837983295106,2.143796446891827,-14.371644072912703,-8.32217372231377,-19.52932369685217,2.5552085549897865,-22.60049158559015,-15.129400618474786,2.143796446891827,2.5552085549897865,33.541189670562744,0.37686729431152344,7.1330485343933105,0.0,417.72440732030395,2.1123498310796083,1,0,0
420,Jonglei,2019-01-01,2019-03-31,0,none,33.46062036123626,8.261486882354601,-12.705597337790762,0.7354881239492171,-13.848936001717396,-11.607901589163998,-20.3015917907062,1.0453733686687003,-21.955138431985784,-18.77713730185991,0.7354881239492171,1.0453733686687003,11.348615328470865,0.12751253445943198,10.10122299194336,0.868613138686132,409.12772542290656,1.6983978045786385,1,0,0
421,Jonglei,2019-01-01,2019-03-31,0,none,32.59384179470348,7.556203593408506,-16.255283973507904,0.5534127525339614,-17.047962274185185,-15.360455197475439,-27.824334004704394,1.4803750880766189,-29.88684590973482,-25.397176912426144,0.5534127525339614,1.4803750880766189,14.526436448097229,0.1632183939218521,6.507070541381836,0.0,414.02714716336,1.9958646391513097,1,0,0
422,Jonglei,2019-01-01,2019-03-31,0,none,32.32026381088978,7.937867340110568,-12.743589140774557,1.0016369653049133,-14.8370540441583,-10.932973296409488,-20.804198994971365,1.5195684306147028,-23.9155075369882,-17.94060667400765,1.0016369653049133,1.5195684306147028,10.778275609016418,0.12110421806573868,5.443674564361572,0.0,411.3359823082039,2.254064292071413,1,0,0
423,Jonglei,2019-01-01,2019-03-31,0,none,32.14498716958465,7.483150363214459,-13.987072742741839,0.8249521477353707,-15.668375457143052,-12.53531598416108,-21.70520971735042,1.167729393370155,-24.057774681832505,-19.52506825325073,0.8249521477353707,1.167729393370155,15.78195732831955,0.17732536792755127,6.130080223083496,0.0,415.3787181956458,2.4786736847275335,1,0,0
424,Jonglei,2019-01-01,2019-03-31,0,none,32.05846391811256,7.58829324785585,-14.921496059447758,0.979164856776212,-16.93177821181743,-13.15479687455783,-23.81026120364493,1.3841115068622158,-26.582399088601953,-21.08157808187327,0.979164856776212,1.3841115068622158,12.113879203796387,0.13611100614070892,6.2469353675842285,0.0,414.3771354014352,2.3667528588385705,1,0,0
425,Jonglei,2019-01-01,2019-03-31,0,none,32.05585282221258,8.168564624964015,-15.525681542623975,0.7743520488149163,-16.910437738467586,-14.154363232329672,-25.656515309642387,1.6527656724795439,-28.766821829846275,-22.738831007796485,0.7743520488149163,1.6527656724795439,8.323400855064392,0.0935213565826416,3.83042049407959,5.983050847457625,406.94873200206655,2.9203787550892133,1,0,0
426,Unity,2019-01-01,2019-03-31,0,none,30.853749222436864,8.850628382957725,-11.143118871012835,0.922394337793373,-12.71551366641846,-9.50050547438855,-15.422874094029167,0.9665973274075571,-17.119339176319336,-13.616958543260857,0.922394337793373,0.9665973274075571,0.0,0.0,0.0,0.0,401.443811129697,1.5683455073044243,0,1,0
427,Unity,2019-01-01,2019-03-31,0,none,30.94244586982191,9.682451506732857,-13.232085826982045,0.6512888374976451,-14.229430766676002,-12.270301256781954,-20.07357121363436,0.8809823155677778,-21.485218449075475,-18.78402965840077,0.6512888374976451,0.8809823155677778,0.0,0.0,0.0,0.0,405.3732160592694,2.2313616908302394,0,1,0
428,Unity,2019-01-01,2019-03-31,0,none,29.53355407640975,8.640905149683178,-15.121548185962885,0.6790154702307653,-16.372530021093294,-13.867066864397648,-23.323071823475157,1.2005556018345211,-25.5862292635688,-21.175709091739794,0.6790154702307653,1.2005556018345211,5.330541759729385,0.05989372730255127,3.436554431915283,0.0,390.32130116178365,2.2068183392993364,0,1,0
429,Unity,2019-01-01,2019-03-31,0,none,31.194315141879162,7.50191120946206,-13.841629403197409,2.4077879484827087,-17.031666043738774,-10.154575237556136,-19.44641929608283,3.7616446136977513,-24.532575368795225,-14.37441600838495,2.4077879484827087,3.7616446136977513,4.239678800106049,0.04763683987160523,3.4934484561284385,0.0,411.5314181831274,1.980783571390839,0,1,0
430,Unity,2019-01-01,2019-03-31,0,none,30.641757590700692,8.970754201671554,-15.222450361613388,1.2162060563266759,-17.355681350068398,-13.005200930988654,-20.633068285744987,1.8527366679433857,-23.260666057794804,-16.84255592405936,1.2162060563266759,1.8527366679433857,0.0,0.0,0.0,0.0,400.6175558145792,2.0243325712044227,0,1,0
431,Unity,2019-01-01,2019-03-31,0,none,30.46732953463638,8.514880147516529,-8.429142132808703,1.0574665775004823,-10.353755687885425,-6.600405509510665,-16.492382497812503,1.0226191140361345,-18.36016130083249,-14.810125330924295,1.0574665775004823,1.0226191140361345,5.067406892776489,0.05693715438246727,2.918177604675293,0.0,400.30666092101075,1.6084916011016914,0,1,0
432,Unity,2019-01-01,2019-03-31,0,none,29.900228811523057,8.666753366702968,-10.712801815041619,0.6112532578377436,-11.865786139973673,-9.598360186115116,-17.225380301659865,0.8192160741867623,-18.79876717955227,-15.846167437586098,0.6112532578377436,0.8192160741867623,0.0,0.0,0.0,0.0,394.03507174071063,2.168717470684701,0,1,0
433,Unity,2019-01-01,2019-03-31,0,none,30.140567830460697,9.745131984341294,-13.064692515179205,0.5789448375898911,-13.995675213700022,-12.18154538255585,-24.37355310679582,1.0318087253706316,-25.96272251552033,-22.814539598507455,0.5789448375898911,1.0318087253706316,0.0,0.0,0.0,0.0,403.5365870023215,2.5270858329705663,0,1,0
434,Upper_Nile,2019-01-01,2019-03-31,0,none,33.842246627483284,9.129363166424072,-11.581037521045058,0.6692285040162042,-12.544870114856733,-10.543686071542723,-17.55733571273509,0.906833262575491,-18.959254209164992,-16.185401388271536,0.6692285040162042,0.906833262575491,6.609975576400757,0.07426939159631729,4.622548580169678,0.0,451.443444591833,1.8757574286184853,0,0,1
435,Upper_Nile,2019-01-01,2019-03-31,0,none,32.61580167919014,9.882267508207054,-12.435944400996819,1.1524467530705274,-14.226867944908122,-10.640842151345568,-21.49798246592338,1.4021836947313218,-23.88890756467662,-19.06601246156254,1.1524467530705274,1.4021836947313218,0.0,0.0,0.0,2.0354609929078022,393.52092574044923,1.8621073662419185,0,0,1
436,Upper_Nile,2019-01-01,2019-03-31,0,none,32.90211307720722,9.095324187132952,-11.36517506511935,0.6605129602159896,-12.355128616497707,-10.374867159475656,-17.862114173172657,0.9055448519298638,-19.209588590590236,-16.46282288000562,0.6605129602159896,0.9055448519298638,8.144154667854309,0.09150735288858414,3.496898889541626,0.0,398.1602552611767,1.4095593445392745,0,0,1
437,Upper_Nile,2019-01-01,2019-03-31,0,none,33.83925152654526,10.586944717594145,-13.216052711813237,0.5760472667636014,-14.090060902336937,-12.325490934384668,-20.711885032308796,0.9571097822174071,-22.111398144635757,-19.300041075684877,0.5760472667636014,0.9571097822174071,0.0,0.0,0.0,0.0,540.8089655049342,1.6586998743091768,0,0,1
438,Upper_Nile,2019-01-01,2019-03-31,0,none,32.0104257069149,10.849367808939249,-13.09287958148653,0.6360834111113816,-14.033566036866619,-12.164451695831836,-19.922918504834165,0.8948368854619276,-21.35066973205582,-18.61062129290679,0.6360834111113816,0.8948368854619276,0.0,0.0,0.0,0.0,404.11337651164945,2.068866117524377,0,0,1
439,Upper_Nile,2019-01-01,2019-03-31,0,none,31.22981658816207,9.460776284101833,-14.211061246028752,0.716079818649535,-15.26383988672208,-13.060128129194926,-20.689521115189955,0.9211038706717125,-22.055267396293107,-19.279306289837685,0.716079818649535,0.9211038706717125,0.0,0.0,0.0,0.0,400.24416189111747,2.4340385487994296,0,0,1
440,Upper_Nile,2019-01-01,2019-03-31,0,none,33.556663999360424,8.95350323426793,-10.554235338907585,0.6111778139100877,-11.505784992011744,-9.610527105579878,-17.083654242267755,0.901210268879773,-18.514376642136252,-15.754766499845836,0.6111778139100877,0.901210268879773,10.46481192111969,0.11758215725421906,7.470163822174072,0.0,407.78486375496504,1.7302631457381787,0,0,1
441,Upper_Nile,2019-01-01,2019-03-31,0,none,33.68416238007862,9.39208137131519,-9.618027641086181,0.5297073840636726,-10.447391070366363,-8.850780202809,-15.629183018453096,0.6623443377255699,-16.604627755378814,-14.596202433084274,0.5297073840636726,0.6623443377255699,0.0,0.0,0.0,0.0,429.597849741629,1.7267059599897063,0,0,1
